cardinality of set,1,2,3,4,5,6,7,8,9,10,11,12,13,14,15,16,17,18,19,20
bool_band,,,,,,,,,,,,,,,,,,,,,
count,0,0,10,10,10,10,0,0,0,0,0,0,0,0,0,0,0,0,0,0,0
syrupcorrect,0,0,0,0,5,10,0,0,0,0,0,0,0,0,0,0,0,0,0,0,0
burst-correct,0,0,0,0,5,10,0,0,0,0,0,0,0,0,0,0,0,0,0,0,0
smyth-correct,0,0,0,0,5,10,0,0,0,0,0,0,0,0,0,0,0,0,0,0,0
smyth-rec-correct,0,0,0,0,0,0,0,0,0,0,0,0,0,0,0,0,0,0,0,0,0
burst-sof,0,0,0,0,0,0,0,0,0,0,0,0,0,0,0,0,0,0,0,0,0
smyth-sof,0,0,0,0,0,0,0,0,0,0,0,0,0,0,0,0,0,0,0,0,0
smyth-nosol,0,0,0,0,0,0,0,0,0,0,0,0,0,0,0,0,0,0,0,0,0
syruptime,0,0,0.0029999999999999996,0.0034000000000000002,0.0051,0.0060999999999999995,0,0,0,0,0,0,0,0,0,0,0,0,0,0,0
burst-time,0,0,0.016399999999999998,0.021399999999999995,0.0335,0.04000000000000001,0,0,0,0,0,0,0,0,0,0,0,0,0,0,0
smyth-time,0,0,0.04223500000035,0.04265400000032,0.04658300000005999,0.051924000000099994,0,0,0,0,0,0,0,0,0,0,0,0,0,0,0
syruptimeout,0,0,0,0,0,0,0,0,0,0,0,0,0,0,0,0,0,0,0,0,0
burst-timeout,0,0,0,0,0,0,0,0,0,0,0,0,0,0,0,0,0,0,0,0,0
smyth-timeout,0,0,0,0,0,0,0,0,0,0,0,0,0,0,0,0,0,0,0,0,0
bool_bor,,,,,,,,,,,,,,,,,,,,,
count,0,0,10,10,10,10,0,0,0,0,0,0,0,0,0,0,0,0,0,0,0
syrupcorrect,0,0,0,0,2,10,0,0,0,0,0,0,0,0,0,0,0,0,0,0,0
burst-correct,0,0,0,0,2,10,0,0,0,0,0,0,0,0,0,0,0,0,0,0,0
smyth-correct,0,0,0,0,2,10,0,0,0,0,0,0,0,0,0,0,0,0,0,0,0
smyth-rec-correct,0,0,0,0,0,0,0,0,0,0,0,0,0,0,0,0,0,0,0,0,0
burst-sof,0,0,0,0,0,0,0,0,0,0,0,0,0,0,0,0,0,0,0,0,0
smyth-sof,0,0,0,0,0,0,0,0,0,0,0,0,0,0,0,0,0,0,0,0,0
smyth-nosol,0,0,0,0,0,0,0,0,0,0,0,0,0,0,0,0,0,0,0,0,0
syruptime,0,0,0.0029999999999999996,0.0031999999999999997,0.0041,0.005899999999999999,0,0,0,0,0,0,0,0,0,0,0,0,0,0,0
burst-time,0,0,0.013399999999999999,0.0186,0.028499999999999994,0.04440000000000001,0,0,0,0,0,0,0,0,0,0,0,0,0,0,0
smyth-time,0,0,0.042136000000030004,0.04269199999978,0.04426599999966,0.05080899999962,0,0,0,0,0,0,0,0,0,0,0,0,0,0,0
syruptimeout,0,0,0,0,0,0,0,0,0,0,0,0,0,0,0,0,0,0,0,0,0
burst-timeout,0,0,0,0,0,0,0,0,0,0,0,0,0,0,0,0,0,0,0,0,0
smyth-timeout,0,0,0,0,0,0,0,0,0,0,0,0,0,0,0,0,0,0,0,0,0
bool_impl,,,,,,,,,,,,,,,,,,,,,
count,0,0,10,10,10,10,0,0,0,0,0,0,0,0,0,0,0,0,0,0,0
syrupcorrect,0,0,0,1,4,10,0,0,0,0,0,0,0,0,0,0,0,0,0,0,0
burst-correct,0,0,0,1,4,10,0,0,0,0,0,0,0,0,0,0,0,0,0,0,0
smyth-correct,0,0,0,1,4,10,0,0,0,0,0,0,0,0,0,0,0,0,0,0,0
smyth-rec-correct,0,0,0,0,0,0,0,0,0,0,0,0,0,0,0,0,0,0,0,0,0
burst-sof,0,0,0,0,0,0,0,0,0,0,0,0,0,0,0,0,0,0,0,0,0
smyth-sof,0,0,0,0,0,0,0,0,0,0,0,0,0,0,0,0,0,0,0,0,0
smyth-nosol,0,0,0,0,0,0,0,0,0,0,0,0,0,0,0,0,0,0,0,0,0
syruptime,0,0,0.0028,0.0029999999999999996,0.004200000000000001,0.0051,0,0,0,0,0,0,0,0,0,0,0,0,0,0,0
burst-time,0,0,0.0152,0.0184,0.0252,0.0384,0,0,0,0,0,0,0,0,0,0,0,0,0,0,0
smyth-time,0,0,0.04235299999984,0.04288900000029,0.04507599999988,0.048960999999949996,0,0,0,0,0,0,0,0,0,0,0,0,0,0,0
syruptimeout,0,0,0,0,0,0,0,0,0,0,0,0,0,0,0,0,0,0,0,0,0
burst-timeout,0,0,0,0,0,0,0,0,0,0,0,0,0,0,0,0,0,0,0,0,0
smyth-timeout,0,0,0,0,0,0,0,0,0,0,0,0,0,0,0,0,0,0,0,0,0
bool_neg,,,,,,,,,,,,,,,,,,,,,
count,0,0,10,10,0,0,0,0,0,0,0,0,0,0,0,0,0,0,0,0,0
syrupcorrect,0,0,6,10,0,0,0,0,0,0,0,0,0,0,0,0,0,0,0,0,0
burst-correct,0,0,6,10,0,0,0,0,0,0,0,0,0,0,0,0,0,0,0,0,0
smyth-correct,0,0,6,10,0,0,0,0,0,0,0,0,0,0,0,0,0,0,0,0,0
smyth-rec-correct,0,0,0,0,0,0,0,0,0,0,0,0,0,0,0,0,0,0,0,0,0
burst-sof,0,0,0,0,0,0,0,0,0,0,0,0,0,0,0,0,0,0,0,0,0
smyth-sof,0,0,0,0,0,0,0,0,0,0,0,0,0,0,0,0,0,0,0,0,0
smyth-nosol,0,0,0,0,0,0,0,0,0,0,0,0,0,0,0,0,0,0,0,0,0
syruptime,0,0,0.0020000000000000005,0.0021000000000000003,0,0,0,0,0,0,0,0,0,0,0,0,0,0,0,0,0
burst-time,0,0,0.0031000000000000003,0.0048000000000000004,0,0,0,0,0,0,0,0,0,0,0,0,0,0,0,0,0
smyth-time,0,0,0.02493799999979,0.027935999999949997,0,0,0,0,0,0,0,0,0,0,0,0,0,0,0,0,0
syruptimeout,0,0,0,0,0,0,0,0,0,0,0,0,0,0,0,0,0,0,0,0,0
burst-timeout,0,0,0,0,0,0,0,0,0,0,0,0,0,0,0,0,0,0,0,0,0
smyth-timeout,0,0,0,0,0,0,0,0,0,0,0,0,0,0,0,0,0,0,0,0,0
bool_xor,,,,,,,,,,,,,,,,,,,,,
count,0,0,10,10,10,10,0,0,0,0,0,0,0,0,0,0,0,0,0,0,0
syrupcorrect,0,0,0,3,5,10,0,0,0,0,0,0,0,0,0,0,0,0,0,0,0
burst-correct,0,0,0,3,5,10,0,0,0,0,0,0,0,0,0,0,0,0,0,0,0
smyth-correct,0,0,0,0,3,10,0,0,0,0,0,0,0,0,0,0,0,0,0,0,0
smyth-rec-correct,0,0,0,0,0,0,0,0,0,0,0,0,0,0,0,0,0,0,0,0,0
burst-sof,0,0,0,0,0,0,0,0,0,0,0,0,0,0,0,0,0,0,0,0,0
smyth-sof,0,0,0,0,0,0,0,0,0,0,0,0,0,0,0,0,0,0,0,0,0
smyth-nosol,0,0,0,0,0,0,0,0,0,0,0,0,0,0,0,0,0,0,0,0,0
syruptime,0,0,0.0023000000000000004,0.008899999999999998,0.0152,0.0289,0,0,0,0,0,0,0,0,0,0,0,0,0,0,0
burst-time,0,0,0.0209,0.023899999999999998,0.0389,0.0471,0,0,0,0,0,0,0,0,0,0,0,0,0,0,0
smyth-time,0,0,0.04532300000027001,0.06062199999978001,0.06973099999981999,0.09196100000007,0,0,0,0,0,0,0,0,0,0,0,0,0,0,0
syruptimeout,0,0,0,0,0,0,0,0,0,0,0,0,0,0,0,0,0,0,0,0,0
burst-timeout,0,0,0,0,0,0,0,0,0,0,0,0,0,0,0,0,0,0,0,0,0
smyth-timeout,0,0,0,0,0,0,0,0,0,0,0,0,0,0,0,0,0,0,0,0,0
nat_add,,,,,,,,,,,,,,,,,,,,,
count,0,0,10,10,10,10,10,10,10,10,10,0,0,0,0,0,0,0,0,0,0
syrupcorrect,0,0,5,8,10,10,10,10,10,10,10,0,0,0,0,0,0,0,0,0,0
burst-correct,0,0,0,0,0,2,5,5,8,8,9,0,0,0,0,0,0,0,0,0,0
smyth-correct,0,0,0,2,4,8,9,9,10,10,10,0,0,0,0,0,0,0,0,0,0
smyth-rec-correct,0,0,0,6,10,10,10,10,10,10,10,0,0,0,0,0,0,0,0,0,0
burst-sof,0,0,0,0,0,0,0,0,0,0,0,0,0,0,0,0,0,0,0,0,0
smyth-sof,0,0,0,0,0,0,0,0,0,0,0,0,0,0,0,0,0,0,0,0,0
smyth-nosol,0,0,0,0,0,0,0,0,0,0,0,0,0,0,0,0,0,0,0,0,0
syruptime,0,0,0.025500000000000002,0.0629,0.15389999999999998,0.4369,1.8104999999999998,1.1231000000000002,2.0288,1.1267,0.7986,0,0,0,0,0,0,0,0,0,0
burst-time,0,0,0.19769999999999996,2.2696,2.3753,111.36840000000001,22.9701,188.90640000000002,124.94709999999999,194.75480000000002,36.024699999999996,0,0,0,0,0,0,0,0,0,0
smyth-time,0,0,0.047420000000110006,0.06132200000002,0.07014500000015,0.08299100000026,0.07778099999995,0.06845099999987,0.08205699999988,0.07705899999976,0.06832399999986,0,0,0,0,0,0,0,0,0,0
syruptimeout,0,0,0,0,0,0,0,0,0,0,0,0,0,0,0,0,0,0,0,0,0
burst-timeout,0,0,0,2,5,7,4,4,2,2,1,0,0,0,0,0,0,0,0,0,0
smyth-timeout,0,0,0,0,0,0,0,0,0,0,0,0,0,0,0,0,0,0,0,0,0
nat_iseven,,,,,,,,,,,,,,,,,,,,,
count,0,0,10,10,10,10,0,0,0,0,0,0,0,0,0,0,0,0,0,0,0
syrupcorrect,0,0,0,3,5,10,0,0,0,0,0,0,0,0,0,0,0,0,0,0,0
burst-correct,0,0,0,0,1,10,0,0,0,0,0,0,0,0,0,0,0,0,0,0,0
smyth-correct,0,0,0,0,3,10,0,0,0,0,0,0,0,0,0,0,0,0,0,0,0
smyth-rec-correct,0,0,0,3,5,10,0,0,0,0,0,0,0,0,0,0,0,0,0,0,0
burst-sof,0,0,0,0,0,0,0,0,0,0,0,0,0,0,0,0,0,0,0,0,0
smyth-sof,0,0,0,0,0,0,0,0,0,0,0,0,0,0,0,0,0,0,0,0,0
smyth-nosol,0,0,0,0,0,0,0,0,0,0,0,0,0,0,0,0,0,0,0,0,0
syruptime,0,0,0.0023000000000000004,0.0058,0.030900000000000004,0.022000000000000002,0,0,0,0,0,0,0,0,0,0,0,0,0,0,0
burst-time,0,0,0.0531,0.1236,0.16049999999999998,0.1728,0,0,0,0,0,0,0,0,0,0,0,0,0,0,0
smyth-time,0,0,0.029619000000130003,0.03864499999987,0.046244000000109996,0.049303000000010005,0,0,0,0,0,0,0,0,0,0,0,0,0,0,0
syruptimeout,0,0,0,0,0,0,0,0,0,0,0,0,0,0,0,0,0,0,0,0,0
burst-timeout,0,0,0,0,0,0,0,0,0,0,0,0,0,0,0,0,0,0,0,0,0
smyth-timeout,0,0,0,0,0,0,0,0,0,0,0,0,0,0,0,0,0,0,0,0,0
nat_max,,,,,,,,,,,,,,,,,,,,,
count,0,0,10,10,10,10,10,10,10,10,10,10,0,0,0,0,0,0,0,0,0
syrupcorrect,0,0,0,0,0,2,4,5,7,8,8,8,0,0,0,0,0,0,0,0,0
burst-correct,0,0,0,0,0,0,1,0,0,0,0,0,0,0,0,0,0,0,0,0,0
smyth-correct,0,0,0,0,0,1,2,2,6,7,6,8,0,0,0,0,0,0,0,0,0
smyth-rec-correct,0,0,0,0,0,1,2,2,7,7,7,8,0,0,0,0,0,0,0,0,0
burst-sof,0,0,0,0,0,0,0,0,0,0,0,0,0,0,0,0,0,0,0,0,0
smyth-sof,0,0,0,0,0,0,0,0,0,0,0,0,0,0,0,0,0,0,0,0,0
smyth-nosol,0,0,0,0,0,0,0,0,0,0,0,0,0,0,0,0,0,0,0,0,0
syruptime,0,0,0.041499999999999995,0.044800000000000006,0.15360000000000001,48.505100000000006,3.9379,74.5106,72.49419999999999,84.15740000000002,218.2017,62.585499999999996,0,0,0,0,0,0,0,0,0
burst-time,0,0,0.31109999999999993,103.98160000000001,29.973200000000006,0.5005,103.98949999999999,31.1604,0.266,1.4625,0.3106,2.7174,0,0,0,0,0,0,0,0,0
smyth-time,0,0,0.043633999999890004,0.05976000000009999,0.06441900000005,0.3496040000001599,0.38534300000018007,0.45623799999993,0.56399000000024,2.81549399999952,0.6468429999998401,0.6114969999997701,0,0,0,0,0,0,0,0,0
syruptimeout,0,0,0,0,0,0,0,0,0,0,0,0,0,0,0,0,0,0,0,0,0
burst-timeout,0,0,0,0,0,4,5,5,8,8,8,8,0,0,0,0,0,0,0,0,0
smyth-timeout,0,0,0,0,0,0,0,0,0,0,0,0,0,0,0,0,0,0,0,0,0
nat_pred,,,,,,,,,,,,,,,,,,,,,
count,0,0,10,10,10,10,0,0,0,0,0,0,0,0,0,0,0,0,0,0,0
syrupcorrect,0,0,8,9,10,10,0,0,0,0,0,0,0,0,0,0,0,0,0,0,0
burst-correct,0,0,8,9,10,10,0,0,0,0,0,0,0,0,0,0,0,0,0,0,0
smyth-correct,0,0,8,9,10,10,0,0,0,0,0,0,0,0,0,0,0,0,0,0,0
smyth-rec-correct,0,0,0,0,0,0,0,0,0,0,0,0,0,0,0,0,0,0,0,0,0
burst-sof,0,0,0,0,0,0,0,0,0,0,0,0,0,0,0,0,0,0,0,0,0
smyth-sof,0,0,0,0,0,0,0,0,0,0,0,0,0,0,0,0,0,0,0,0,0
smyth-nosol,0,0,0,0,0,0,0,0,0,0,0,0,0,0,0,0,0,0,0,0,0
syruptime,0,0,0.0789,0.07899999999999999,0.0405,0.007600000000000001,0,0,0,0,0,0,0,0,0,0,0,0,0,0,0
burst-time,0,0,0.0399,0.0431,0.0392,0.042100000000000005,0,0,0,0,0,0,0,0,0,0,0,0,0,0,0
smyth-time,0,0,0.02970399999981,0.03058899999974,0.03117500000009,0.031160000000019998,0,0,0,0,0,0,0,0,0,0,0,0,0,0,0
syruptimeout,0,0,0,0,0,0,0,0,0,0,0,0,0,0,0,0,0,0,0,0,0
burst-timeout,0,0,0,0,0,0,0,0,0,0,0,0,0,0,0,0,0,0,0,0,0
smyth-timeout,0,0,0,0,0,0,0,0,0,0,0,0,0,0,0,0,0,0,0,0,0
list_hd,,,,,,,,,,,,,,,,,,,,,
count,0,0,10,10,10,10,10,10,10,10,10,10,0,0,0,0,0,0,0,0,0
syrupcorrect,0,0,5,8,9,10,10,10,10,10,10,10,0,0,0,0,0,0,0,0,0
burst-correct,0,0,7,8,9,10,10,10,10,10,10,10,0,0,0,0,0,0,0,0,0
smyth-correct,0,0,7,8,9,10,10,10,10,10,10,10,0,0,0,0,0,0,0,0,0
smyth-rec-correct,0,0,0,0,0,0,0,0,0,0,0,0,0,0,0,0,0,0,0,0,0
burst-sof,0,0,0,0,0,0,0,0,0,0,0,0,0,0,0,0,0,0,0,0,0
smyth-sof,0,0,0,0,0,0,0,0,0,0,0,0,0,0,0,0,0,0,0,0,0
smyth-nosol,0,0,0,0,0,0,0,0,0,0,0,0,0,0,0,0,0,0,0,0,0
syruptime,0,0,0.05890000000000001,0.08779999999999999,0.0985,0.1312,0.1753,1.2234,3.3119,12.036999999999999,0.974,3.3640000000000003,0,0,0,0,0,0,0,0,0
burst-time,0,0,0.10170000000000001,0.0945,0.0816,0.08739999999999999,0.1542,0.13169999999999998,0.14909999999999998,0.1331,0.1098,0.07819999999999999,0,0,0,0,0,0,0,0,0
smyth-time,0,0,0.027170000000069996,0.02779099999998,0.02838599999972,0.0291259999999,0.029087999999990004,0.02891099999987,0.02902900000025,0.02888600000005,0.02847199999974,0.02988700000015,0,0,0,0,0,0,0,0,0
syruptimeout,0,0,0,0,0,0,0,0,0,0,0,0,0,0,0,0,0,0,0,0,0
burst-timeout,0,0,0,0,0,0,0,0,0,0,0,0,0,0,0,0,0,0,0,0,0
smyth-timeout,0,0,0,0,0,0,0,0,0,0,0,0,0,0,0,0,0,0,0,0,0
list_tl,,,,,,,,,,,,,,,,,,,,,
count,0,0,10,10,10,10,10,10,10,10,10,10,0,0,0,0,0,0,0,0,0
syrupcorrect,0,0,5,9,10,10,10,10,10,10,10,10,0,0,0,0,0,0,0,0,0
burst-correct,0,0,5,9,10,10,10,10,10,10,10,10,0,0,0,0,0,0,0,0,0
smyth-correct,0,0,5,9,10,10,10,10,10,10,10,10,0,0,0,0,0,0,0,0,0
smyth-rec-correct,0,0,0,0,0,0,0,0,0,0,0,0,0,0,0,0,0,0,0,0,0
burst-sof,0,0,0,0,0,0,0,0,0,0,0,0,0,0,0,0,0,0,0,0,0
smyth-sof,0,0,0,0,0,0,0,0,0,0,0,0,0,0,0,0,0,0,0,0,0
smyth-nosol,0,0,0,0,0,0,0,0,0,0,0,0,0,0,0,0,0,0,0,0,0
syruptime,0,0,0.0093,0.0197,0.0266,0.0581,0.0621,0.0661,0.09079999999999999,0.5243,0.6456999999999999,4.8073,0,0,0,0,0,0,0,0,0
burst-time,0,0,0.19019999999999998,0.34840000000000004,0.3022,0.23500000000000001,0.378,0.2227,0.22,0.22319999999999998,0.3031,0.2306,0,0,0,0,0,0,0,0,0
smyth-time,0,0,0.02534200000014,0.02631100000007,0.027286999999889996,0.027417999999649997,0.027233999999899998,0.02720999999996,0.026191999999810003,0.027174000000040003,0.02748399999994,0.02809199999977,0,0,0,0,0,0,0,0,0
syruptimeout,0,0,0,0,0,0,0,0,0,0,0,0,0,0,0,0,0,0,0,0,0
burst-timeout,0,0,0,0,0,0,0,0,0,0,0,0,0,0,0,0,0,0,0,0,0
smyth-timeout,0,0,0,0,0,0,0,0,0,0,0,0,0,0,0,0,0,0,0,0,0
list_last,,,,,,,,,,,,,,,,,,,,,
count,0,0,10,10,10,10,10,10,10,10,10,10,0,0,0,0,0,0,0,0,0
syrupcorrect,0,0,0,6,8,9,10,10,10,10,10,10,0,0,0,0,0,0,0,0,0
burst-correct,0,0,0,3,6,9,10,10,10,10,10,10,0,0,0,0,0,0,0,0,0
smyth-correct,0,0,0,0,1,3,7,10,9,10,9,9,0,0,0,0,0,0,0,0,0
smyth-rec-correct,0,0,0,1,6,9,9,10,10,10,10,9,0,0,0,0,0,0,0,0,0
burst-sof,0,0,0,0,0,0,0,0,0,0,0,0,0,0,0,0,0,0,0,0,0
smyth-sof,0,0,0,0,0,0,0,0,0,0,0,0,0,0,0,0,0,0,0,0,0
smyth-nosol,0,0,0,0,1,0,0,0,0,0,0,1,0,0,0,0,0,0,0,0,0
syruptime,0,0,0.0055,0.07730000000000001,0.1915,0.20890000000000003,0.6700999999999999,1.5241,3.6693000000000002,27.979299999999995,31.2954,202.2383,0,0,0,0,0,0,0,0,0
burst-time,0,0,0.5287,1.7519999999999998,1.2809000000000001,1.0255999999999998,4.2655,2.8590999999999998,3.556,5.0858,1.4615,6.7155000000000005,0,0,0,0,0,0,0,0,0
smyth-time,0,0,0.02863599999977,0.17341100000028997,0.054887,0.06482499999970001,0.11620100000034003,0.07131699999991,0.07320200000028,0.07328600000007,0.07342700000003999,0.06607099999997,0,0,0,0,0,0,0,0,0
syruptimeout,0,0,0,0,0,0,0,0,0,0,0,0,0,0,0,0,0,0,0,0,0
burst-timeout,0,0,0,0,0,0,0,0,0,0,0,0,0,0,0,0,0,0,0,0,0
smyth-timeout,0,0,0,0,0,0,0,0,0,0,0,0,0,0,0,0,0,0,0,0,0
list_take,,,,,,,,,,,,,,,,,,,,,
count,0,0,10,10,10,10,10,10,10,10,10,10,0,0,0,0,0,0,0,0,0
syrupcorrect,0,0,0,1,5,3,4,4,2,1,2,0,0,0,0,0,0,0,0,0,0
burst-correct,0,0,0,0,0,0,0,0,0,0,0,0,0,0,0,0,0,0,0,0,0
smyth-correct,0,0,0,0,2,1,2,5,7,9,8,7,0,0,0,0,0,0,0,0,0
smyth-rec-correct,0,0,0,0,3,1,4,7,7,9,9,7,0,0,0,0,0,0,0,0,0
burst-sof,0,0,0,0,1,0,0,1,0,1,0,1,0,0,0,0,0,0,0,0,0
smyth-sof,0,0,0,0,0,0,0,0,0,0,0,0,0,0,0,0,0,0,0,0,0
smyth-nosol,0,0,0,0,0,0,0,0,0,0,0,0,0,0,0,0,0,0,0,0,0
syruptime,0,0,0.042300000000000004,1.1736000000000002,5.3046,16.6142,10.713499999999998,212.06590000000003,149.7012,115.905,52.771,6.9373,0,0,0,0,0,0,0,0,0
burst-time,0,0,2.8302,70.749,38.3777,7.9275,150.3822,78.2406,57.5579,0,0,1.0681,0,0,0,0,0,0,0,0,0
smyth-time,0,0,0.045247999999910006,0.08535100000018,0.23514299999986998,0.12622999999975,0.27124600000005,0.7596730000001,0.36161199999998,0.5270559999995901,0.4944879999999,0.43641900000006,0,0,0,0,0,0,0,0,0
syruptimeout,0,0,0,0,0,0,0,4,5,8,8,8,0,0,0,0,0,0,0,0,0
burst-timeout,0,0,1,4,8,7,6,7,7,9,10,7,0,0,0,0,0,0,0,0,0
smyth-timeout,0,0,0,0,0,1,0,0,0,0,1,1,0,0,0,0,0,0,0,0,0
list_drop,,,,,,,,,,,,,,,,,,,,,
count,0,0,10,10,10,10,10,10,10,10,10,10,0,0,0,0,0,0,0,0,0
syrupcorrect,0,0,0,1,6,4,4,7,7,4,3,1,0,0,0,0,0,0,0,0,0
burst-correct,0,0,0,0,0,0,0,0,0,0,0,0,0,0,0,0,0,0,0,0,0
smyth-correct,0,0,0,0,2,1,4,6,7,8,7,10,0,0,0,0,0,0,0,0,0
smyth-rec-correct,0,0,0,0,3,2,4,7,8,9,7,10,0,0,0,0,0,0,0,0,0
burst-sof,0,0,0,0,0,0,0,0,0,0,0,0,0,0,0,0,0,0,0,0,0
smyth-sof,0,0,0,0,0,0,0,0,0,0,0,0,0,0,0,0,0,0,0,0,0
smyth-nosol,0,0,0,0,0,0,0,0,0,0,1,0,0,0,0,0,0,0,0,0,0
syruptime,0,0,0.028299999999999995,0.262,3.3833,2.2027,17.916099999999997,165.62840000000003,370.394,106.8611,130.20309999999998,109.1592,0,0,0,0,0,0,0,0,0
burst-time,0,0,0.2025,1.0556999999999999,0.5934,0.6401000000000001,112.2738,25.304200000000005,21.7558,11.7614,1.7405,0,0,0,0,0,0,0,0,0,0
smyth-time,0,0,0.04273000000012,0.06550799999967999,0.24148600000040998,0.24208299999981003,0.17752000000050003,0.239591,0.29957900000001003,0.38360999999951,0.27849199999962,0.438948,0,0,0,0,0,0,0,0,0
syruptimeout,0,0,0,0,0,0,0,0,2,5,5,9,0,0,0,0,0,0,0,0,0
burst-timeout,0,0,0,1,5,1,3,5,7,7,8,10,0,0,0,0,0,0,0,0,0
smyth-timeout,0,0,0,0,0,0,0,0,1,0,0,0,0,0,0,0,0,0,0,0,0
list_nth,,,,,,,,,,,,,,,,,,,,,
count,0,0,10,10,10,10,10,10,10,10,10,10,0,0,0,0,0,0,0,0,0
syrupcorrect,0,0,0,1,3,5,7,9,7,5,1,2,0,0,0,0,0,0,0,0,0
burst-correct,0,0,0,0,0,0,0,0,0,0,0,0,0,0,0,0,0,0,0,0,0
smyth-correct,0,0,0,0,1,5,4,2,7,8,9,6,0,0,0,0,0,0,0,0,0
smyth-rec-correct,0,0,0,0,1,5,4,2,7,8,9,6,0,0,0,0,0,0,0,0,0
burst-sof,0,0,0,0,0,0,0,0,0,0,0,0,0,0,0,0,0,0,0,0,0
smyth-sof,0,0,0,0,0,0,0,0,0,0,0,0,0,0,0,0,0,0,0,0,0
smyth-nosol,0,0,0,0,0,0,0,0,0,0,0,0,0,0,0,0,0,0,0,0,0
syruptime,0,0,0.023,0.6781999999999999,1.9398,43.7995,44.6704,142.4277,206.55550000000002,240.169,115.37020000000001,18.0689,0,0,0,0,0,0,0,0,0
burst-time,0,0,0.1779,38.21510000000001,12.270199999999999,115.29200000000002,3.1395000000000004,12.4833,6.1542,25.3902,4.3086,81.72200000000001,0,0,0,0,0,0,0,0,0
smyth-time,0,0,0.03691200000024,0.09518700000024,1.6995820000001098,9.733312000000103,8.505909000000191,14.781830999999881,0.3570220000001,0.45852499999999996,0.496677,0.5422779999999001,0,0,0,0,0,0,0,0,0
syruptimeout,0,0,0,0,0,0,1,0,3,5,8,8,0,0,0,0,0,0,0,0,0
burst-timeout,0,0,0,1,4,5,6,4,8,8,8,6,0,0,0,0,0,0,0,0,0
smyth-timeout,0,0,0,0,1,0,0,1,1,0,0,1,0,0,0,0,0,0,0,0,0
list_sum,,,,,,,,,,,,,,,,,,,,,
count,0,0,10,10,10,10,10,10,10,10,10,10,0,0,0,0,0,0,0,0,0
syrupcorrect,0,0,0,7,10,10,10,10,9,10,10,10,0,0,0,0,0,0,0,0,0
burst-correct,0,0,10,10,10,10,10,10,10,10,10,10,0,0,0,0,0,0,0,0,0
smyth-correct,0,0,10,10,10,10,10,10,10,10,10,10,0,0,0,0,0,0,0,0,0
smyth-rec-correct,0,0,0,0,0,0,0,0,0,0,0,0,0,0,0,0,0,0,0,0,0
burst-sof,0,0,0,0,0,0,0,0,0,0,0,0,0,0,0,0,0,0,0,0,0
smyth-sof,0,0,0,0,0,0,0,0,0,0,0,0,0,0,0,0,0,0,0,0,0
smyth-nosol,0,0,0,0,0,0,0,0,0,0,0,0,0,0,0,0,0,0,0,0,0
syruptime,0,0,0.0756,0.24330000000000002,0.4027000000000001,1.5103000000000002,21.5042,9.6634,5.7878,25.2044,15.9588,51.0018,0,0,0,0,0,0,0,0,0
burst-time,0,0,4.3283,24.8463,26.4064,9.737,39.503800000000005,13.254200000000003,37.808699999999995,13.823800000000002,10.886400000000002,23.773500000000002,0,0,0,0,0,0,0,0,0
smyth-time,0,0,0.2845609999999,0.2902350000002,0.2938699999999999,0.30117400000019995,0.31158599999979997,0.3285929999997,0.32655500000020005,0.3380909999998,0.35184299999960006,0.35332599999970005,0,0,0,0,0,0,0,0,0
syruptimeout,0,0,0,0,0,0,0,0,1,0,0,0,0,0,0,0,0,0,0,0,0
burst-timeout,0,0,0,0,0,0,0,0,0,0,0,0,0,0,0,0,0,0,0,0,0
smyth-timeout,0,0,0,0,0,0,0,0,0,0,0,0,0,0,0,0,0,0,0,0,0
list_length,,,,,,,,,,,,,,,,,,,,,
count,0,0,10,10,10,10,10,0,0,0,0,0,0,0,0,0,0,0,0,0,0
syrupcorrect,0,0,8,8,10,10,10,0,0,0,0,0,0,0,0,0,0,0,0,0,0
burst-correct,0,0,0,6,10,10,10,0,0,0,0,0,0,0,0,0,0,0,0,0,0
smyth-correct,0,0,0,6,10,10,10,0,0,0,0,0,0,0,0,0,0,0,0,0,0
smyth-rec-correct,0,0,10,10,10,10,10,0,0,0,0,0,0,0,0,0,0,0,0,0,0
burst-sof,0,0,0,0,0,0,0,0,0,0,0,0,0,0,0,0,0,0,0,0,0
smyth-sof,0,0,0,0,0,0,0,0,0,0,0,0,0,0,0,0,0,0,0,0,0
smyth-nosol,0,0,0,0,0,0,0,0,0,0,0,0,0,0,0,0,0,0,0,0,0
syruptime,0,0,0.0822,0.09899999999999999,0.1573,0.2017,1.9314,0,0,0,0,0,0,0,0,0,0,0,0,0,0
burst-time,0,0,0.3196,56.51250000000001,26.110399999999995,81.0781,8.2484,0,0,0,0,0,0,0,0,0,0,0,0,0,0
smyth-time,0,0,0.04013699999995999,0.04655699999967999,0.03768700000002,0.03547599999979,0.03437099999998,0,0,0,0,0,0,0,0,0,0,0,0,0,0
syruptimeout,0,0,0,0,0,0,0,0,0,0,0,0,0,0,0,0,0,0,0,0,0
burst-timeout,0,0,0,0,0,0,0,0,0,0,0,0,0,0,0,0,0,0,0,0,0
smyth-timeout,0,0,0,0,0,0,0,0,0,0,0,0,0,0,0,0,0,0,0,0,0
list_even_parity,,,,,,,,,,,,,,,,,,,,,
count,0,0,10,10,10,10,10,10,10,10,10,10,0,0,0,0,0,0,0,0,0
syrupcorrect,0,0,0,1,4,8,5,9,9,10,10,10,0,0,0,0,0,0,0,0,0
burst-correct,0,0,0,0,0,1,3,6,10,10,10,10,0,0,0,0,0,0,0,0,0
smyth-correct,0,0,0,0,0,1,1,4,4,6,10,10,0,0,0,0,0,0,0,0,0
smyth-rec-correct,0,0,0,0,0,1,1,4,5,7,10,10,0,0,0,0,0,0,0,0,0
burst-sof,0,0,0,0,0,0,0,0,0,0,0,0,0,0,0,0,0,0,0,0,0
smyth-sof,0,0,0,0,0,0,0,0,0,0,0,0,0,0,0,0,0,0,0,0,0
smyth-nosol,0,0,0,0,0,0,0,0,0,0,0,0,0,0,0,0,0,0,0,0,0
syruptime,0,0,0.061700000000000005,0.1196,0.25939999999999996,0.4511,4.9738999999999995,0.36970000000000003,5.5895,3.2719,2.7399999999999998,2.1048999999999998,0,0,0,0,0,0,0,0,0
burst-time,0,0,0.045000000000000005,0.0987,0.5445000000000001,1.0838999999999999,6.016799999999999,0.7939,2.6986000000000003,3.3882999999999996,3.9376999999999995,3.0869000000000004,0,0,0,0,0,0,0,0,0
smyth-time,0,0,0.02438900000014,0.16493100000012997,0.05179599999995999,0.12636400000021,0.16456699999996,0.47241399999998,2.7533680000001,4.1159959999998,13.99975,33.336315,0,0,0,0,0,0,0,0,0
syruptimeout,0,0,0,0,0,0,0,0,0,0,0,0,0,0,0,0,0,0,0,0,0
burst-timeout,0,0,0,0,0,0,0,0,0,0,0,0,0,0,0,0,0,0,0,0,0
smyth-timeout,0,0,0,0,0,0,0,0,0,0,0,0,0,0,0,0,0,0,0,0,0
list_inc,,,,,,,,,,,,,,,,,,,,,
count,0,0,10,10,10,10,10,10,10,10,10,10,0,0,0,0,0,0,0,0,0
syrupcorrect,0,0,10,10,10,10,10,10,10,10,10,10,0,0,0,0,0,0,0,0,0
burst-correct,0,0,9,7,10,10,10,10,10,10,10,10,0,0,0,0,0,0,0,0,0
smyth-correct,0,0,10,10,10,10,10,10,10,10,10,10,0,0,0,0,0,0,0,0,0
smyth-rec-correct,0,0,0,0,0,0,0,0,0,0,0,0,0,0,0,0,0,0,0,0,0
burst-sof,0,0,0,0,0,0,0,0,0,0,0,0,0,0,0,0,0,0,0,0,0
smyth-sof,0,0,0,0,0,0,0,0,0,0,0,0,0,0,0,0,0,0,0,0,0
smyth-nosol,0,0,0,0,0,0,0,0,0,0,0,0,0,0,0,0,0,0,0,0,0
syruptime,0,0,0.0963,0.0919,0.13799999999999998,0.1585,0.24620000000000003,1.1341999999999999,0.8161999999999999,2.6319,10.7707,6.4772,0,0,0,0,0,0,0,0,0
burst-time,0,0,0.605,0.4416999999999999,0.6667000000000001,0.4294,0.7531999999999999,0.6763999999999999,0.6615,0.4739,0.5041,0.4897,0,0,0,0,0,0,0,0,0
smyth-time,0,0,0.10679500000039999,0.11244999999989999,0.1162220000001,0.12040799999949998,0.12703600000020002,0.1324910000001,0.1375629999998,0.1434029999998,0.1499660000002,0.1590360000003,0,0,0,0,0,0,0,0,0
syruptimeout,0,0,0,0,0,0,0,0,0,0,0,0,0,0,0,0,0,0,0,0,0
burst-timeout,0,0,0,0,0,0,0,0,0,0,0,0,0,0,0,0,0,0,0,0,0
smyth-timeout,0,0,0,0,0,0,0,0,0,0,0,0,0,0,0,0,0,0,0,0,0
list_stutter,,,,,,,,,,,,,,,,,,,,,
count,0,0,10,10,10,10,10,10,10,10,10,10,0,0,0,0,0,0,0,0,0
syrupcorrect,0,0,8,9,10,10,10,10,10,10,10,10,0,0,0,0,0,0,0,0,0
burst-correct,0,0,3,5,4,2,0,3,2,1,0,0,0,0,0,0,0,0,0,0,0
smyth-correct,0,0,7,9,10,10,10,10,10,10,10,10,0,0,0,0,0,0,0,0,0
smyth-rec-correct,0,0,8,10,10,10,10,10,10,10,10,10,0,0,0,0,0,0,0,0,0
burst-sof,0,0,0,0,0,0,0,0,0,0,0,0,0,0,0,0,0,0,0,0,0
smyth-sof,0,0,0,0,0,0,0,0,0,0,0,0,0,0,0,0,0,0,0,0,0
smyth-nosol,0,0,0,0,0,0,0,0,0,0,0,0,0,0,0,0,0,0,0,0,0
syruptime,0,0,0.17550000000000002,0.1462,0.5503,0.48919999999999997,1.4740000000000002,3.653200000000001,10.709000000000001,7.0529,38.146100000000004,28.9179,0,0,0,0,0,0,0,0,0
burst-time,0,0,23.732100000000003,347.438,330.2654,8.1741,0,85.2615,13.1857,50.0737,0,0,0,0,0,0,0,0,0,0,0
smyth-time,0,0,0.08896900000013,0.04670199999963,0.03223700000011,0.03538100000015,0.033488000000029994,0.03296200000047,0.03450799999973,0.03572200000032,0.04130099999952,0.048125000000040004,0,0,0,0,0,0,0,0,0
syruptimeout,0,0,0,0,0,0,0,0,0,0,0,0,0,0,0,0,0,0,0,0,0
burst-timeout,0,0,5,4,6,8,10,7,8,9,10,10,0,0,0,0,0,0,0,0,0
smyth-timeout,0,0,0,0,0,0,0,0,0,0,0,0,0,0,0,0,0,0,0,0,0
list_snoc,,,,,,,,,,,,,,,,,,,,,
count,0,0,10,10,10,10,10,10,10,10,10,10,0,0,0,0,0,0,0,0,0
syrupcorrect,0,0,10,10,10,10,10,10,8,6,5,2,0,0,0,0,0,0,0,0,0
burst-correct,0,0,3,6,2,1,2,2,3,3,3,1,0,0,0,0,0,0,0,0,0
smyth-correct,0,0,1,5,9,10,10,10,10,10,10,10,0,0,0,0,0,0,0,0,0
smyth-rec-correct,0,0,1,8,10,10,10,10,10,10,10,10,0,0,0,0,0,0,0,0,0
burst-sof,0,0,0,0,0,0,0,0,0,0,0,0,0,0,0,0,0,0,0,0,0
smyth-sof,0,0,0,0,0,0,0,0,0,0,0,0,0,0,0,0,0,0,0,0,0
smyth-nosol,0,0,0,0,0,0,0,0,0,0,0,0,0,0,0,0,0,0,0,0,0
syruptime,0,0,0.0529,0.1333,0.3931,6.2155000000000005,13.761399999999998,95.08830000000002,119.46359999999999,364.1287,174.2816,76.2193,0,0,0,0,0,0,0,0,0
burst-time,0,0,125.15559999999999,10.8377,5.6362000000000005,0.9387,5.3462000000000005,0.6492,14.110300000000002,1.9968000000000001,122.2614,6.2864,0,0,0,0,0,0,0,0,0
smyth-time,0,0,0.15677300000001002,0.16753800000004002,0.1308390000003,0.15987700000000002,0.1657150000003,0.149385,0.1620359999997,0.1694089999999,0.1978320000002,0.19493099999959998,0,0,0,0,0,0,0,0,0
syruptimeout,0,0,0,0,0,0,0,0,2,4,5,8,0,0,0,0,0,0,0,0,0
burst-timeout,0,0,3,4,8,9,8,8,7,7,7,9,0,0,0,0,0,0,0,0,0
smyth-timeout,0,0,0,0,0,0,0,0,0,0,0,0,0,0,0,0,0,0,0,0,0
list_append,,,,,,,,,,,,,,,,,,,,,
count,0,0,10,10,10,10,10,10,10,10,10,10,0,0,0,0,0,0,0,0,0
syrupcorrect,0,0,10,10,10,10,10,9,2,2,0,0,0,0,0,0,0,0,0,0,0
burst-correct,0,0,1,1,0,0,0,0,0,0,0,0,0,0,0,0,0,0,0,0,0
smyth-correct,0,0,2,9,9,10,10,10,10,10,10,10,0,0,0,0,0,0,0,0,0
smyth-rec-correct,0,0,4,10,10,10,10,10,10,10,10,10,0,0,0,0,0,0,0,0,0
burst-sof,0,0,0,0,0,0,0,0,0,0,0,0,0,0,0,0,0,0,0,0,0
smyth-sof,0,0,0,0,0,0,0,0,0,0,0,0,0,0,0,0,0,0,0,0,0
smyth-nosol,0,0,0,0,0,0,0,0,0,0,0,0,0,0,0,0,0,0,0,0,0
syruptime,0,0,0.0765,0.1645,0.9032,8.2381,62.006400000000006,332.01250000000005,52.7469,211.7857,0,0,0,0,0,0,0,0,0,0,0
burst-time,0,0,14.890299999999998,3.7856,1.6275,0,0,0,0,0,0,0,0,0,0,0,0,0,0,0,0
smyth-time,0,0,0.14661299999997,0.09626499999995,0.09808599999976998,0.08977299999994999,0.09023200000050001,0.09613299999998001,0.09943699999991,0.11556099999979,0.11331000000017,0.12274500000009,0,0,0,0,0,0,0,0,0
syruptimeout,0,0,0,0,0,0,0,1,8,8,10,10,0,0,0,0,0,0,0,0,0
burst-timeout,0,0,6,7,9,10,10,10,10,10,10,10,0,0,0,0,0,0,0,0,0
smyth-timeout,0,0,0,0,0,0,0,0,0,0,0,0,0,0,0,0,0,0,0,0,0
list_compress,,,,,,,,,,,,,,,,,,,,,
count,0,0,10,10,10,10,10,10,10,10,10,10,0,0,0,0,0,0,0,0,0
syrupcorrect,0,0,0,0,1,2,2,6,2,2,1,0,0,0,0,0,0,0,0,0,0
burst-correct,0,0,0,0,0,0,0,0,0,0,0,0,0,0,0,0,0,0,0,0,0
smyth-correct,0,0,0,0,0,0,0,0,0,0,0,0,0,0,0,0,0,0,0,0,0
smyth-rec-correct,0,0,0,0,0,0,0,0,0,0,0,0,0,0,0,0,0,0,0,0,0
burst-sof,0,0,0,0,0,0,0,0,0,0,0,0,0,0,0,0,0,0,0,0,0
smyth-sof,0,0,0,0,0,0,1,1,0,0,0,0,0,0,0,0,0,0,0,0,0
smyth-nosol,0,0,0,0,1,1,0,1,0,0,0,0,0,0,0,0,0,0,0,0,0
syruptime,0,0,0.027499999999999997,0.0225,3.9187000000000003,26.663200000000003,31.852499999999996,280.68179999999995,180.43749999999997,215.5665,120.83659999999999,106.8991,0,0,0,0,0,0,0,0,0
burst-time,0,0,0.5759000000000002,0.2939,2.8985000000000007,40.1451,59.073,28.7979,0.551,32.1896,2.6779,11.8292,0,0,0,0,0,0,0,0,0
smyth-time,0,0,0.038624999999890004,0.02967200000013,0.5352229999996799,1.99154600000002,5.139155999999979,5.29416299999981,6.442024999999961,12.2797939999999,35.388071,79.03224200000007,0,0,0,0,0,0,0,0,0
syruptimeout,0,0,0,0,0,0,0,0,3,3,7,7,0,0,0,0,0,0,0,0,0
burst-timeout,0,0,0,0,2,5,3,7,7,6,7,8,0,0,0,0,0,0,0,0,0
smyth-timeout,0,0,0,0,0,0,0,0,5,3,5,4,0,0,0,0,0,0,0,0,0
list_concat,,,,,,,,,,,,,,,,,,,,,
count,0,0,10,10,10,10,10,10,10,10,10,10,0,0,0,0,0,0,0,0,0
syrupcorrect,0,0,3,6,6,9,9,10,10,10,10,10,0,0,0,0,0,0,0,0,0
burst-correct,0,0,2,0,4,7,5,7,7,7,6,10,0,0,0,0,0,0,0,0,0
smyth-correct,0,0,2,5,6,9,9,10,10,10,10,10,0,0,0,0,0,0,0,0,0
smyth-rec-correct,0,0,6,9,10,10,10,10,10,10,10,10,0,0,0,0,0,0,0,0,0
burst-sof,0,0,0,0,0,0,0,0,0,0,0,0,0,0,0,0,0,0,0,0,0
smyth-sof,0,0,0,0,0,0,0,0,0,0,0,0,0,0,0,0,0,0,0,0,0
smyth-nosol,0,0,0,0,0,0,0,0,0,0,0,0,0,0,0,0,0,0,0,0,0
syruptime,0,0,0.10200000000000001,0.3104,1.2857,2.5148,2.7497000000000003,0.9455,3.0520999999999994,7.263999999999999,11.6235,2.6153999999999997,0,0,0,0,0,0,0,0,0
burst-time,0,0,1.7058999999999997,7.753799999999999,24.3627,98.9946,118.6341,6.9567,12.6317,45.567800000000005,42.465399999999995,6.2197000000000005,0,0,0,0,0,0,0,0,0
smyth-time,0,0,0.09975099999992999,0.10176900000018,0.09762500000011,0.10233399999991,0.09576700000005,0.10343799999984,0.10331299999986,0.09615399999983999,0.09861000000005998,0.10005400000054998,0,0,0,0,0,0,0,0,0
syruptimeout,0,0,0,0,0,0,0,0,0,0,0,0,0,0,0,0,0,0,0,0,0
burst-timeout,0,0,0,2,0,1,2,3,3,1,2,0,0,0,0,0,0,0,0,0,0
smyth-timeout,0,0,0,0,0,0,0,0,0,0,0,0,0,0,0,0,0,0,0,0,0
list_rev_append,,,,,,,,,,,,,,,,,,,,,
count,0,0,10,10,10,10,10,10,10,10,10,10,0,0,0,0,0,0,0,0,0
syrupcorrect,0,0,0,0,0,0,0,0,0,0,0,0,0,0,0,0,0,0,0,0,0
burst-correct,0,0,0,0,2,0,4,5,2,4,1,3,0,0,0,0,0,0,0,0,0
smyth-correct,0,0,0,1,5,7,10,10,8,9,9,10,0,0,0,0,0,0,0,0,0
smyth-rec-correct,0,0,0,1,5,7,10,10,8,9,9,10,0,0,0,0,0,0,0,0,0
burst-sof,0,0,0,0,0,1,0,0,1,0,0,0,0,0,0,0,0,0,0,0,0
smyth-sof,0,0,0,0,0,0,0,0,0,0,0,0,0,0,0,0,0,0,0,0,0
smyth-nosol,0,0,0,0,0,0,0,0,0,0,0,0,0,0,0,0,0,0,0,0,0
syruptime,0,0,0.2209,22.8397,0.2539,0.1915,0,0,0.0973,0,0,0,0,0,0,0,0,0,0,0,0
burst-time,0,0,2.9153000000000002,94.27040000000001,6.2441,0.0428,277.67029999999994,314.8532,154.0011,207.9342,4.5789,47.0968,0,0,0,0,0,0,0,0,0
smyth-time,0,0,0.17049600000016,11.624274999999738,21.03126800000027,12.052640999999964,38.472553999999995,33.106032000000006,27.768801999999997,33.063479,2.7131000000000003,3.0311000000000003,0,0,0,0,0,0,0,0,0
syruptimeout,0,0,2,2,5,7,10,10,9,10,10,10,0,0,0,0,0,0,0,0,0
burst-timeout,0,0,0,0,3,6,4,5,5,5,8,7,0,0,0,0,0,0,0,0,0
smyth-timeout,0,0,0,0,0,0,0,0,0,0,0,0,0,0,0,0,0,0,0,0,0
list_rev_fold,,,,,,,,,,,,,,,,,,,,,
count,0,0,10,10,10,10,10,10,10,10,10,10,0,0,0,0,0,0,0,0,0
syrupcorrect,0,0,7,7,9,9,10,10,10,10,10,10,0,0,0,0,0,0,0,0,0
burst-correct,0,0,7,7,9,9,10,10,10,10,9,10,0,0,0,0,0,0,0,0,0
smyth-correct,0,0,7,7,9,9,10,10,10,10,10,10,0,0,0,0,0,0,0,0,0
smyth-rec-correct,0,0,0,0,0,0,0,0,0,0,0,0,0,0,0,0,0,0,0,0,0
burst-sof,0,0,0,0,0,0,0,0,0,0,0,0,0,0,0,0,0,0,0,0,0
smyth-sof,0,0,0,0,0,0,0,0,0,0,0,0,0,0,0,0,0,0,0,0,0
smyth-nosol,0,0,0,0,0,0,0,0,0,0,0,0,0,0,0,0,0,0,0,0,0
syruptime,0,0,0.0447,0.0525,0.0792,0.12769999999999998,0.17109999999999997,0.2554,0.32409999999999994,3.8122000000000003,7.990600000000001,4.6692,0,0,0,0,0,0,0,0,0
burst-time,0,0,4.9342,4.4029,71.83749999999999,40.7742,3.3215,4.125500000000001,3.0942999999999996,4.1278,3.5888,92.36130000000001,0,0,0,0,0,0,0,0,0
smyth-time,0,0,0.30256100000010006,0.3102020000001,0.324908,0.3397109999997,0.34634999999980004,0.356798,0.3656269999998,0.3861999999995,0.40092300000000003,0.40623400000029997,0,0,0,0,0,0,0,0,0
syruptimeout,0,0,0,0,0,0,0,0,0,0,0,0,0,0,0,0,0,0,0,0,0
burst-timeout,0,0,0,0,0,0,0,0,0,0,1,0,0,0,0,0,0,0,0,0,0
smyth-timeout,0,0,0,0,0,0,0,0,0,0,0,0,0,0,0,0,0,0,0,0,0
list_rev_snoc,,,,,,,,,,,,,,,,,,,,,
count,0,0,10,10,10,10,10,10,10,10,10,10,0,0,0,0,0,0,0,0,0
syrupcorrect,0,0,1,4,7,6,8,9,7,10,8,7,0,0,0,0,0,0,0,0,0
burst-correct,0,0,1,2,3,3,3,4,3,3,3,5,0,0,0,0,0,0,0,0,0
smyth-correct,0,0,1,4,7,6,8,9,7,10,8,9,0,0,0,0,0,0,0,0,0
smyth-rec-correct,0,0,6,8,10,8,10,10,10,10,10,10,0,0,0,0,0,0,0,0,0
burst-sof,0,0,0,0,0,0,0,0,0,0,0,2,0,0,0,0,0,0,0,0,0
smyth-sof,0,0,0,0,0,0,0,0,0,0,0,0,0,0,0,0,0,0,0,0,0
smyth-nosol,0,0,0,0,0,0,0,0,0,0,0,0,0,0,0,0,0,0,0,0,0
syruptime,0,0,0.0535,0.24270000000000003,0.3476,7.782,4.852899999999998,5.559400000000001,8.0774,2.8116000000000003,54.8942,11.028,0,0,0,0,0,0,0,0,0
burst-time,0,0,5.816700000000001,2.4129,4.9464999999999995,3.8545,131.8459,97.1175,7.7453,22.520699999999998,11.973399999999998,86.9842,0,0,0,0,0,0,0,0,0
smyth-time,0,0,0.12452100000033,0.08743400000006,0.10258900000014999,0.09064199999988,0.1100169999999,0.1146239999995,0.1261950000001,0.1278229999998,0.1398909999998,0.13843299999980002,0,0,0,0,0,0,0,0,0
syruptimeout,0,0,0,0,0,0,0,0,0,0,0,2,0,0,0,0,0,0,0,0,0
burst-timeout,0,0,0,2,4,3,5,5,4,7,5,2,0,0,0,0,0,0,0,0,0
smyth-timeout,0,0,0,0,0,0,0,0,0,0,0,0,0,0,0,0,0,0,0,0,0
list_rev_tailcall,,,,,,,,,,,,,,,,,,,,,
count,0,0,10,10,10,10,10,10,10,10,10,10,0,0,0,0,0,0,0,0,0
syrupcorrect,0,0,0,0,0,0,0,0,0,0,0,0,0,0,0,0,0,0,0,0,0
burst-correct,0,0,0,0,0,0,0,0,0,0,0,0,0,0,0,0,0,0,0,0,0
smyth-correct,0,0,0,6,8,10,10,10,10,10,10,10,0,0,0,0,0,0,0,0,0
smyth-rec-correct,0,0,0,6,8,10,10,10,10,10,10,10,0,0,0,0,0,0,0,0,0
burst-sof,0,0,0,0,0,0,0,0,0,0,0,0,0,0,0,0,0,0,0,0,0
smyth-sof,0,0,0,0,0,0,0,0,0,0,0,0,0,0,0,0,0,0,0,0,0
smyth-nosol,0,0,0,0,0,0,0,0,0,0,0,0,0,0,0,0,0,0,0,0,0
syruptime,0,0,0.38780000000000003,86.22210000000001,10.2608,77.31230000000001,0,0,0,0,0,0,0,0,0,0,0,0,0,0,0
burst-time,0,0,10.5055,0.345,72.3614,0,0,0,0,30.1178,0,0,0,0,0,0,0,0,0,0,0
smyth-time,0,0,0.10596899999988998,0.09003700000001001,0.07908099999964001,0.08685300000001,0.09200000000007001,0.08626399999977,0.08188700000009001,0.07857199999989,0.09398899999977,0.08538600000018,0,0,0,0,0,0,0,0,0
syruptimeout,0,0,0,0,3,8,10,10,10,10,10,10,0,0,0,0,0,0,0,0,0
burst-timeout,0,0,7,8,8,10,10,10,10,9,10,10,0,0,0,0,0,0,0,0,0
smyth-timeout,0,0,0,0,0,0,0,0,0,0,0,0,0,0,0,0,0,0,0,0,0
list_pairwise_swap,,,,,,,,,,,,,,,,,,,,,
count,0,0,10,10,10,10,10,10,10,10,10,10,0,0,0,0,0,0,0,0,0
syrupcorrect,0,0,0,0,0,0,0,0,0,0,0,0,0,0,0,0,0,0,0,0,0
burst-correct,0,0,0,0,0,0,0,0,0,0,0,0,0,0,0,0,0,0,0,0,0
smyth-correct,0,0,0,0,0,0,0,0,0,0,0,0,0,0,0,0,0,0,0,0,0
smyth-rec-correct,0,0,0,0,0,0,0,0,0,0,0,0,0,0,0,0,0,0,0,0,0
burst-sof,0,0,0,0,0,0,1,0,0,0,0,0,0,0,0,0,0,0,0,0,0
smyth-sof,0,0,0,0,0,0,0,0,0,0,0,0,0,0,0,0,0,0,0,0,0
smyth-nosol,0,0,0,0,4,2,2,0,1,1,1,0,0,0,0,0,0,0,0,0,0
syruptime,0,0,0.009,0.0762,1.2929,2.7913,17.361800000000002,9.1321,77.12849999999999,80.86460000000001,178.3279,114.3574,0,0,0,0,0,0,0,0,0
burst-time,0,0,0.09090000000000001,0.0648,66.45870000000001,116.87910000000002,44.44870000000001,16.2597,124.12509999999999,95.94750000000002,53.882299999999994,9.141200000000001,0,0,0,0,0,0,0,0,0
smyth-time,0,0,0.021251999999989998,0.0345219999997,0.03256699999998,0.13010499999987,0.13817800000045,0.26467999999997,0.36994499999992,0.6469489999995,1.152876,2.565291,0,0,0,0,0,0,0,0,0
syruptimeout,0,0,0,0,0,0,0,0,0,1,1,2,0,0,0,0,0,0,0,0,0
burst-timeout,0,0,0,0,1,3,0,1,2,1,1,1,0,0,0,0,0,0,0,0,0
smyth-timeout,0,0,0,0,0,0,0,0,0,0,0,0,0,0,0,0,0,0,0,0,0
list_sort_sorted_insert,,,,,,,,,,,,,,,,,,,,,
count,0,0,10,10,10,10,10,10,10,10,10,10,0,0,0,0,0,0,0,0,0
syrupcorrect,0,0,1,3,7,6,10,8,9,8,9,7,0,0,0,0,0,0,0,0,0
burst-correct,0,0,2,3,5,1,6,2,5,4,4,6,0,0,0,0,0,0,0,0,0
smyth-correct,0,0,1,3,7,6,10,8,9,8,9,7,0,0,0,0,0,0,0,0,0
smyth-rec-correct,0,0,6,6,10,10,10,10,10,10,10,10,0,0,0,0,0,0,0,0,0
burst-sof,0,0,0,0,0,0,0,0,0,0,0,0,0,0,0,0,0,0,0,0,0
smyth-sof,0,0,0,0,0,0,0,0,0,0,0,0,0,0,0,0,0,0,0,0,0
smyth-nosol,0,0,0,0,0,0,0,0,0,0,0,0,0,0,0,0,0,0,0,0,0
syruptime,0,0,0.05449999999999999,0.23800000000000002,0.6252,0.7076,1.5662,3.3786000000000005,3.5508,6.0286,6.0776,98.1511,0,0,0,0,0,0,0,0,0
burst-time,0,0,4.5248,9.6106,14.257200000000001,3.167,77.2391,5.3504,40.268699999999995,6.465199999999999,115.6773,82.91820000000001,0,0,0,0,0,0,0,0,0
smyth-time,0,0,0.11907800000048,0.111073,0.14526999999989998,0.15142700000019998,0.1534339999996,0.1597740000001,0.1890870000003,0.1693780000001,0.17743099999989997,0.18698700000030002,0,0,0,0,0,0,0,0,0
syruptimeout,0,0,0,0,0,0,0,0,0,0,0,0,0,0,0,0,0,0,0,0,0
burst-timeout,0,0,0,0,2,5,4,6,4,4,5,1,0,0,0,0,0,0,0,0,0
smyth-timeout,0,0,0,0,0,0,0,0,0,0,0,0,0,0,0,0,0,0,0,0,0
list_sorted_insert,,,,,,,,,,,,,,,,,,,,,
count,0,0,10,10,10,10,10,10,10,10,10,10,0,0,0,0,0,0,0,0,0
syrupcorrect,0,0,0,0,0,0,0,0,0,0,0,0,0,0,0,0,0,0,0,0,0
burst-correct,0,0,0,0,0,0,0,0,0,0,0,0,0,0,0,0,0,0,0,0,0
smyth-correct,0,0,0,0,0,0,2,2,3,6,4,7,0,0,0,0,0,0,0,0,0
smyth-rec-correct,0,0,0,0,0,0,2,2,4,6,4,7,0,0,0,0,0,0,0,0,0
burst-sof,0,0,0,0,0,0,0,0,0,0,0,0,0,0,0,0,0,0,0,0,0
smyth-sof,0,0,0,0,0,0,0,0,0,0,0,0,0,0,0,0,0,0,0,0,0
smyth-nosol,0,0,0,0,0,0,0,0,0,0,0,0,0,0,0,0,0,0,0,0,0
syruptime,0,0,0.06180000000000001,6.281899999999999,81.0279,98.66980000000001,92.9152,4.1766,0,0,0,0,0,0,0,0,0,0,0,0,0
burst-time,0,0,1.3138,1.5563999999999998,36.29109999999999,21.3476,0,1.0765,1.3341,0,0,0,0,0,0,0,0,0,0,0,0
smyth-time,0,0,0.10292000000005999,0.55975499999995,13.78407999999997,23.155751,58.219959999999986,28.503805,27.384636,36.960055000000004,75.826035,332.61351700000006,0,0,0,0,0,0,0,0,0
syruptimeout,0,0,0,0,1,6,9,9,10,10,10,10,0,0,0,0,0,0,0,0,0
burst-timeout,0,0,3,5,4,9,10,9,9,10,10,10,0,0,0,0,0,0,0,0,0
smyth-timeout,0,0,0,0,0,0,1,0,0,0,1,0,0,0,0,0,0,0,0,0,0
list_map,,,,,,,,,,,,,,,,,,,,,
count,0,0,10,10,10,10,10,10,10,10,10,10,0,0,0,0,0,0,0,0,0
syrupcorrect,0,0,5,7,10,10,10,10,10,10,10,10,0,0,0,0,0,0,0,0,0
burst-correct,0,0,0,5,9,8,6,9,9,9,10,10,0,0,0,0,0,0,0,0,0
smyth-correct,0,0,0,5,9,10,10,10,10,10,10,10,0,0,0,0,0,0,0,0,0
smyth-rec-correct,0,0,0,5,9,10,10,10,10,10,10,10,0,0,0,0,0,0,0,0,0
burst-sof,0,0,0,0,0,0,0,0,0,0,0,0,0,0,0,0,0,0,0,0,0
smyth-sof,0,0,0,0,0,0,0,0,0,0,0,0,0,0,0,0,0,0,0,0,0
smyth-nosol,0,0,0,0,0,0,0,0,0,0,0,0,0,0,0,0,0,0,0,0,0
syruptime,0,0,0.015500000000000002,0.039299999999999995,0.0838,0.6752,1.0258999999999998,2.5404999999999998,16.6648,58.7597,58.586000000000006,116.21609999999998,0,0,0,0,0,0,0,0,0
burst-time,0,0,1.7431,2.6483,6.639400000000001,6.6971,9.0001,111.70369999999998,6.901400000000001,65.2603,82.2022,2.3442,0,0,0,0,0,0,0,0,0
smyth-time,0,0,0.4009449999999,0.8090290000000999,0.43713900000010003,0.4388390000001,0.44505800000000006,0.44632400000010003,0.4598439999998,0.4753509999996,0.4852729999998001,0.4833159999998,0,0,0,0,0,0,0,0,0
syruptimeout,0,0,0,0,0,0,0,0,0,0,0,0,0,0,0,0,0,0,0,0,0
burst-timeout,0,0,0,0,0,2,3,1,1,1,0,0,0,0,0,0,0,0,0,0,0
smyth-timeout,0,0,0,0,0,0,0,0,0,0,0,0,0,0,0,0,0,0,0,0,0
list_filter,,,,,,,,,,,,,,,,,,,,,
count,0,0,10,10,10,10,10,10,10,10,10,10,0,0,0,0,0,0,0,0,0
syrupcorrect,0,0,0,3,7,6,7,6,2,1,1,0,0,0,0,0,0,0,0,0,0
burst-correct,0,0,0,0,0,0,4,0,5,4,5,5,0,0,0,0,0,0,0,0,0
smyth-correct,0,0,0,0,2,0,4,1,6,6,6,8,0,0,0,0,0,0,0,0,0
smyth-rec-correct,0,0,0,0,3,2,4,1,6,6,6,8,0,0,0,0,0,0,0,0,0
burst-sof,0,0,0,0,0,0,0,0,0,0,0,0,0,0,0,0,0,0,0,0,0
smyth-sof,0,0,0,0,0,0,0,0,0,0,0,0,0,0,0,0,0,0,0,0,0
smyth-nosol,0,0,0,0,0,0,0,0,0,0,0,0,0,0,0,0,0,0,0,0,0
syruptime,0,0,0.019699999999999995,0.5134000000000001,2.8981,12.9528,119.08859999999999,220.6657,125.4722,175.37529999999998,145.1304,0,0,0,0,0,0,0,0,0,0
burst-time,0,0,0.269,1.8487,2.0124999999999997,22.546,55.616299999999995,7.6499,40.91459999999999,34.020900000000005,52.7615,46.991800000000005,0,0,0,0,0,0,0,0,0
smyth-time,0,0,0.2347250000004,9.8656719999999,0.7873359999998999,2.5762149999999,1.6578190000002002,2.145572,1.045077,3.1904999999999997,5.487561,8.936522,0,0,0,0,0,0,0,0,0
syruptimeout,0,0,0,0,0,0,0,1,7,8,8,10,0,0,0,0,0,0,0,0,0
burst-timeout,0,0,0,0,1,2,0,5,2,3,1,3,0,0,0,0,0,0,0,0,0
smyth-timeout,0,0,0,0,0,0,0,0,0,0,0,1,0,0,0,0,0,0,0,0,0
list_fold,,,,,,,,,,,,,,,,,,,,,
count,0,0,10,10,10,10,10,10,10,10,10,10,0,0,0,0,0,0,0,0,0
syrupcorrect,0,0,0,0,0,0,0,0,0,0,0,0,0,0,0,0,0,0,0,0,0
burst-correct,0,0,0,0,0,0,0,0,0,0,0,0,0,0,0,0,0,0,0,0,0
smyth-correct,0,0,0,1,5,3,9,9,8,9,10,10,0,0,0,0,0,0,0,0,0
smyth-rec-correct,0,0,0,1,5,4,9,9,8,9,10,10,0,0,0,0,0,0,0,0,0
burst-sof,0,0,0,0,0,0,0,0,0,0,0,0,0,0,0,0,0,0,0,0,0
smyth-sof,0,0,0,0,0,0,0,0,0,0,0,0,0,0,0,0,0,0,0,0,0
smyth-nosol,0,0,0,0,0,0,0,0,0,0,0,0,0,0,0,0,0,0,0,0,0
syruptime,0,0,0.06870000000000001,1.9637,0.3412,0.147,0,0,0,0,0,0,0,0,0,0,0,0,0,0,0
burst-time,0,0,2.2629,68.9385,40.1056,0.9261,0,0,0,0,0,0,0,0,0,0,0,0,0,0,0
smyth-time,0,0,1.795219,3.1009369999999996,6.9056429999999995,8.154793,9.827782,10.463932000000002,11.082385,12.524033000000001,12.172256,11.650341999999998,0,0,0,0,0,0,0,0,0
syruptimeout,0,0,0,3,6,7,10,10,10,10,10,10,0,0,0,0,0,0,0,0,0
burst-timeout,0,0,0,3,9,9,10,10,10,10,10,10,0,0,0,0,0,0,0,0,0
smyth-timeout,0,0,0,0,0,0,0,0,0,0,0,0,0,0,0,0,0,0,0,0,0
tree_count_leaves,,,,,,,,,,,,,,,,,,,,,
count,0,0,10,10,10,10,10,10,10,10,10,10,0,0,0,0,0,0,0,0,0
syrupcorrect,0,0,10,10,6,1,0,0,0,0,0,0,0,0,0,0,0,0,0,0,0
burst-correct,0,0,1,0,2,0,0,1,1,2,4,2,0,0,0,0,0,0,0,0,0
smyth-correct,0,0,0,7,5,7,10,10,10,10,10,9,0,0,0,0,0,0,0,0,0
smyth-rec-correct,0,0,0,7,5,7,10,10,10,10,10,9,0,0,0,0,0,0,0,0,0
burst-sof,0,0,0,0,0,0,0,0,0,0,0,0,0,0,0,0,0,0,0,0,0
smyth-sof,0,0,0,0,0,0,0,0,0,0,0,0,0,0,0,0,0,0,0,0,0
smyth-nosol,0,0,0,0,0,0,0,0,0,0,0,0,0,0,0,0,0,0,0,0,0
syruptime,0,0,1.7477000000000003,36.8765,174.56980000000001,8.643,0,0,0,0,0,0,0,0,0,0,0,0,0,0,0
burst-time,0,0,49.4534,0,107.8702,0,0,22.8239,23.5662,128.9094,185.18310000000002,51.284800000000004,0,0,0,0,0,0,0,0,0
smyth-time,0,0,0.1709169999998,35.7890039999999,46.467446,89.7256939999999,196.27361400000004,249.54318899999998,226.309693,253.41985000000003,255.95079299999998,277.070296,0,0,0,0,0,0,0,0,0
syruptimeout,0,0,0,0,4,9,10,10,10,10,10,10,0,0,0,0,0,0,0,0,0
burst-timeout,0,0,7,10,8,10,10,9,9,8,6,8,0,0,0,0,0,0,0,0,0
smyth-timeout,0,0,0,0,0,0,0,0,0,0,0,0,0,0,0,0,0,0,0,0,0
tree_count_nodes,,,,,,,,,,,,,,,,,,,,,
count,0,0,10,10,10,10,10,10,10,10,10,10,0,0,0,0,0,0,0,0,0
syrupcorrect,0,0,9,9,10,10,10,10,8,5,8,3,0,0,0,0,0,0,0,0,0
burst-correct,0,0,0,0,0,0,0,0,1,0,1,0,0,0,0,0,0,0,0,0,0
smyth-correct,0,0,0,3,9,9,8,9,9,9,10,10,0,0,0,0,0,0,0,0,0
smyth-rec-correct,0,0,0,3,9,9,8,9,9,9,10,10,0,0,0,0,0,0,0,0,0
burst-sof,0,0,0,0,0,0,0,0,0,0,0,0,0,0,0,0,0,0,0,0,0
smyth-sof,0,0,0,0,0,0,0,0,0,0,0,0,0,0,0,0,0,0,0,0,0
smyth-nosol,0,0,0,0,0,0,0,0,0,0,0,0,0,0,0,0,0,0,0,0,0
syruptime,0,0,0.3783,0.8543000000000001,2.0189,4.1661,70.47319999999999,110.52610000000001,120.3481,195.60739999999998,142.233,131.4444,0,0,0,0,0,0,0,0,0
burst-time,0,0,8.829600000000001,6.2016,93.8825,0.1005,0.7715,0,58.2607,0,16.9808,0,0,0,0,0,0,0,0,0,0
smyth-time,0,0,0.13325299999979998,3.4147250000002,14.1291579999999,16.399589000000002,18.4464050000001,22.6724309999999,21.097149000000005,29.420044000000004,36.244829,44.123388,0,0,0,0,0,0,0,0,0
syruptimeout,0,0,0,0,0,0,0,0,2,5,2,7,0,0,0,0,0,0,0,0,0
burst-timeout,0,0,0,7,9,9,9,10,9,10,9,10,0,0,0,0,0,0,0,0,0
smyth-timeout,0,0,0,0,0,0,0,0,0,0,0,0,0,0,0,0,0,0,0,0,0
tree_inorder,,,,,,,,,,,,,,,,,,,,,
count,0,0,10,10,10,10,10,10,10,10,10,10,0,0,0,0,0,0,0,0,0
syrupcorrect,0,0,0,0,0,0,0,0,0,0,0,0,0,0,0,0,0,0,0,0,0
burst-correct,0,0,0,0,1,0,0,1,0,1,2,1,0,0,0,0,0,0,0,0,0
smyth-correct,0,0,0,7,4,10,9,10,10,10,10,10,0,0,0,0,0,0,0,0,0
smyth-rec-correct,0,0,0,7,4,10,9,10,10,10,10,10,0,0,0,0,0,0,0,0,0
burst-sof,0,0,0,0,0,0,0,0,0,0,0,0,0,0,0,0,0,0,0,0,0
smyth-sof,0,0,0,0,0,0,0,0,0,0,0,0,0,0,0,0,0,0,0,0,0
smyth-nosol,0,0,0,0,0,0,0,0,0,0,0,0,0,0,0,0,0,0,0,0,0
syruptime,0,0,0.5612,0.3772,12.0052,0,0,0,0,0,0,0,0,0,0,0,0,0,0,0,0
burst-time,0,0,3.9303,113.4751,109.3596,0,7.492100000000001,22.1397,0,19.4927,84.41550000000001,35.3786,0,0,0,0,0,0,0,0,0
smyth-time,0,0,0.14881999999970003,2.1693440000001,1.7210169999999998,2.64114,4.235303000000001,4.194237,4.797885000000001,5.446892999999999,4.731023,5.015018,0,0,0,0,0,0,0,0,0
syruptimeout,0,0,3,7,6,10,10,10,10,10,10,10,0,0,0,0,0,0,0,0,0
burst-timeout,0,0,2,6,5,10,8,9,10,9,7,8,0,0,0,0,0,0,0,0,0
smyth-timeout,0,0,0,0,0,0,0,0,0,0,0,0,0,0,0,0,0,0,0,0,0
tree_inorder_bool,,,,,,,,,,,,,,,,,,,,,
count,0,0,10,10,10,10,10,10,10,10,10,10,0,0,0,0,0,0,0,0,0
syrupcorrect,0,0,0,0,0,0,0,0,0,0,0,0,0,0,0,0,0,0,0,0,0
burst-correct,0,0,1,0,0,1,0,0,1,0,2,0,0,0,0,0,0,0,0,0,0
smyth-correct,0,0,0,7,10,10,10,10,10,10,10,10,0,0,0,0,0,0,0,0,0
smyth-rec-correct,0,0,0,7,10,10,10,10,10,10,10,10,0,0,0,0,0,0,0,0,0
burst-sof,0,0,0,0,0,0,0,0,0,0,0,0,0,0,0,0,0,0,0,0,0
smyth-sof,0,0,0,0,0,0,0,0,0,0,0,0,0,0,0,0,0,0,0,0,0
smyth-nosol,0,0,0,0,0,0,0,0,0,0,0,0,0,0,0,0,0,0,0,0,0
syruptime,0,0,56.2265,43.342299999999994,0,0,0,0,0,0,0,0,0,0,0,0,0,0,0,0,0
burst-time,0,0,117.6187,0,0,6.1318,0,0,43.8797,0,68.77289999999999,0,0,0,0,0,0,0,0,0,0
smyth-time,0,0,0.1792180000001,5.835909,11.895941,7.634591,4.989328,6.192711,8.002632,6.607018,8.395817,8.575003,0,0,0,0,0,0,0,0,0
syruptimeout,0,0,6,8,10,10,10,10,10,10,10,10,0,0,0,0,0,0,0,0,0
burst-timeout,0,0,6,10,10,9,10,10,9,10,8,10,0,0,0,0,0,0,0,0,0
smyth-timeout,0,0,0,0,0,0,0,0,0,0,0,0,0,0,0,0,0,0,0,0,0
tree_postorder,,,,,,,,,,,,,,,,,,,,,
count,0,0,10,10,10,10,10,10,10,10,10,10,0,0,0,0,0,0,0,0,0
syrupcorrect,0,0,0,0,0,0,0,0,0,0,0,0,0,0,0,0,0,0,0,0,0
burst-correct,0,0,0,0,1,0,1,0,0,0,0,1,0,0,0,0,0,0,0,0,0
smyth-correct,0,0,0,0,0,0,0,0,0,0,0,0,0,0,0,0,0,0,0,0,0
smyth-rec-correct,0,0,0,0,0,0,0,0,0,0,0,0,0,0,0,0,0,0,0,0,0
burst-sof,0,0,0,0,0,0,0,0,0,0,0,0,0,0,0,0,0,0,0,0,0
smyth-sof,0,0,0,0,0,0,0,0,0,0,0,0,0,0,0,0,0,0,0,0,0
smyth-nosol,0,0,0,0,0,0,0,0,0,0,0,0,0,0,0,0,0,0,0,0,0
syruptime,0,0,0.043199999999999995,0,0,0.6773,0,0,0,0,0,0,0,0,0,0,0,0,0,0,0
burst-time,0,0,1.1447,0.9311999999999999,84.93650000000001,0.6557,30.2794,0,0,0,10.3965,64.7698,0,0,0,0,0,0,0,0,0
smyth-time,0,0,0.1479139999996,2.7465859999999003,236.608809,44.37955600000001,191.39844399999998,41.624226,30.226826,10.308661,0.308062,0,0,0,0,0,0,0,0,0,0
syruptimeout,0,0,5,10,10,8,10,10,10,10,10,10,0,0,0,0,0,0,0,0,0
burst-timeout,0,0,3,8,8,9,9,10,10,10,9,9,0,0,0,0,0,0,0,0,0
smyth-timeout,0,0,0,0,0,1,1,5,8,7,9,10,0,0,0,0,0,0,0,0,0
tree_preorder,,,,,,,,,,,,,,,,,,,,,
count,0,0,10,10,10,10,10,10,10,10,10,10,0,0,0,0,0,0,0,0,0
syrupcorrect,0,0,6,8,6,7,3,8,9,7,5,3,0,0,0,0,0,0,0,0,0
burst-correct,0,0,2,3,2,4,5,4,5,3,4,5,0,0,0,0,0,0,0,0,0
smyth-correct,0,0,0,5,8,10,10,10,10,10,10,10,0,0,0,0,0,0,0,0,0
smyth-rec-correct,0,0,0,5,8,10,10,10,10,10,10,10,0,0,0,0,0,0,0,0,0
burst-sof,0,0,0,0,0,0,0,0,0,0,0,0,0,0,0,0,0,0,0,0,0
smyth-sof,0,0,0,0,0,0,0,0,0,0,0,0,0,0,0,0,0,0,0,0,0
smyth-nosol,0,0,0,0,0,0,0,0,0,0,0,0,0,0,0,0,0,0,0,0,0
syruptime,0,0,14.419499999999998,53.07719999999999,56.4062,40.233,3.6067,140.4275,204.0039,90.22569999999999,144.7771,95.47919999999999,0,0,0,0,0,0,0,0,0
burst-time,0,0,2.9419,9.0953,39.073299999999996,88.0449,234.37219999999996,21.5008,52.702299999999994,19.1223,151.7094,24.7206,0,0,0,0,0,0,0,0,0
smyth-time,0,0,0.1396859999998,1.1640490000001,1.9495790000000002,3.1463170000000003,4.793855,4.599133,5.2254950000000004,7.965422,7.144851,9.709582999999999,0,0,0,0,0,0,0,0,0
syruptimeout,0,0,1,0,4,3,7,2,1,3,5,7,0,0,0,0,0,0,0,0,0
burst-timeout,0,0,1,0,2,1,3,3,3,5,3,3,0,0,0,0,0,0,0,0,0
smyth-timeout,0,0,0,0,0,0,0,0,0,0,0,0,0,0,0,0,0,0,0,0,0
tree_nodes_at_level,,,,,,,,,,,,,,,,,,,,,
count,0,0,10,10,10,10,10,10,10,10,10,10,0,0,0,0,0,0,0,0,0
syrupcorrect,0,0,0,0,0,0,0,0,0,0,0,0,0,0,0,0,0,0,0,0,0
burst-correct,0,0,0,0,0,0,0,0,0,0,0,0,0,0,0,0,0,0,0,0,0
smyth-correct,0,0,0,0,0,0,0,0,0,0,0,0,0,0,0,0,0,0,0,0,0
smyth-rec-correct,0,0,0,0,0,0,0,0,0,0,0,0,0,0,0,0,0,0,0,0,0
burst-sof,0,0,0,0,0,0,0,0,0,0,0,0,0,0,0,0,0,0,0,0,0
smyth-sof,0,0,0,0,0,0,0,0,0,0,0,0,0,0,0,0,0,0,0,0,0
smyth-nosol,0,0,0,0,0,0,0,0,0,0,0,0,0,0,0,0,0,0,0,0,0
syruptime,0,0,1.5754,48.6252,86.54499999999999,44.83,0,0,0,0,0,0,0,0,0,0,0,0,0,0,0
burst-time,0,0,134.98450000000003,85.2051,57.9936,72.3238,0,0,0,13.1725,0,23.1801,0,0,0,0,0,0,0,0,0
smyth-time,0,0,0.2319479999997,73.78146699999989,56.559167000000095,0.1560569999999,0,0,0,0.1617739999999,0,0.09438,0,0,0,0,0,0,0,0,0
syruptimeout,0,0,0,2,2,7,10,10,10,10,10,10,0,0,0,0,0,0,0,0,0
burst-timeout,0,0,0,6,7,7,10,10,10,9,10,9,0,0,0,0,0,0,0,0,0
smyth-timeout,0,0,0,2,2,7,10,10,10,8,10,9,0,0,0,0,0,0,0,0,0
tree_map,,,,,,,,,,,,,,,,,,,,,
count,0,0,10,10,10,10,10,10,10,10,10,10,0,0,0,0,0,0,0,0,0
syrupcorrect,0,0,0,6,8,9,8,6,3,0,0,0,0,0,0,0,0,0,0,0,0
burst-correct,0,0,3,6,9,9,9,9,9,10,10,10,0,0,0,0,0,0,0,0,0
smyth-correct,0,0,0,3,8,9,9,10,10,10,10,10,0,0,0,0,0,0,0,0,0
smyth-rec-correct,0,0,0,3,8,9,9,10,10,10,10,10,0,0,0,0,0,0,0,0,0
burst-sof,0,0,0,0,0,0,0,0,0,0,0,0,0,0,0,0,0,0,0,0,0
smyth-sof,0,0,0,0,0,0,0,0,0,0,0,0,0,0,0,0,0,0,0,0,0
smyth-nosol,0,0,0,0,0,0,0,0,0,0,0,0,0,0,0,0,0,0,0,0,0
syruptime,0,0,1.4014,3.4593,11.8659,56.0674,82.53980000000001,171.2372,114.7654,0,0,0,0,0,0,0,0,0,0,0,0
burst-time,0,0,110.07300000000001,83.7053,130.4887,182.7915,134.2235,129.68329999999997,134.6021,300.16440000000006,221.2041,86.8906,0,0,0,0,0,0,0,0,0
smyth-time,0,0,0.617509,0.6735949999997001,0.5954279999998999,0.608391,0.6607209999999,0.6357479999999,0.7183430000000001,0.6772770000004,0.7068779999997999,0.7796250000004,0,0,0,0,0,0,0,0,0
syruptimeout,0,0,0,0,0,0,1,4,7,10,10,10,0,0,0,0,0,0,0,0,0
burst-timeout,0,0,0,0,0,0,0,1,1,0,0,0,0,0,0,0,0,0,0,0,0
smyth-timeout,0,0,0,0,0,0,0,0,0,0,0,0,0,0,0,0,0,0,0,0,0
tree_binsert,,,,,,,,,,,,,,,,,,,,,
count,0,0,10,10,10,10,10,10,10,10,10,10,0,0,0,0,0,0,0,0,0
syrupcorrect,0,0,0,0,0,0,0,0,0,0,0,0,0,0,0,0,0,0,0,0,0
burst-correct,0,0,0,0,0,0,0,0,0,0,0,0,0,0,0,0,0,0,0,0,0
smyth-correct,0,0,0,0,0,0,0,0,0,0,0,0,0,0,0,0,0,0,0,0,0
smyth-rec-correct,0,0,0,0,0,0,0,0,0,0,0,0,0,0,0,0,0,0,0,0,0
burst-sof,0,0,0,0,0,0,0,0,0,0,0,0,0,0,0,0,0,0,0,0,0
smyth-sof,0,0,0,0,0,0,0,0,0,0,0,0,0,0,0,0,0,0,0,0,0
smyth-nosol,0,0,0,0,0,0,0,0,0,0,0,0,0,0,0,0,0,0,0,0,0
syruptime,0,0,5.3271999999999995,104.7361,165.80399999999997,58.6694,0,0,0,0,0,0,0,0,0,0,0,0,0,0,0
burst-time,0,0,10.1135,0.8367,0,0,0,0,0,0,0,0,0,0,0,0,0,0,0,0,0
smyth-time,0,0,0.38717200000019997,4.3721509999998,213.93659,142.219183,126.20882900000001,19.279554,0,0,0,0,0,0,0,0,0,0,0,0,0
syruptimeout,0,0,0,0,3,8,10,10,10,10,10,10,0,0,0,0,0,0,0,0,0
burst-timeout,0,0,4,8,10,10,10,10,10,10,10,10,0,0,0,0,0,0,0,0,0
smyth-timeout,0,0,0,0,1,6,7,9,10,10,10,10,0,0,0,0,0,0,0,0,0
