cardinality of set,0,1,2,3,4,5,6,7,8,9,10,11,12,13,14,15,16,17,18,19,20
bool_band,,,,,,,,,,,,,,,,,,,,,
count,0,10,10,10,10,0,0,0,0,0,0,0,0,0,0,0,0,0,0,0,0
syrupcorrect,0,0,0,4,10,0,0,0,0,0,0,0,0,0,0,0,0,0,0,0,0
burst-correct,0,0,0,4,10,0,0,0,0,0,0,0,0,0,0,0,0,0,0,0,0
smyth-correct,0,0,0,4,10,0,0,0,0,0,0,0,0,0,0,0,0,0,0,0,0
smyth-rec-correct,0,0,0,0,0,0,0,0,0,0,0,0,0,0,0,0,0,0,0,0,0
burst-sof,0,0,0,0,0,0,0,0,0,0,0,0,0,0,0,0,0,0,0,0,0
smyth-sof,0,0,0,0,0,0,0,0,0,0,0,0,0,0,0,0,0,0,0,0,0
smyth-nosol,0,0,0,0,0,0,0,0,0,0,0,0,0,0,0,0,0,0,0,0,0
syruptime,0,0.0020000000000000005,0.0027999999999999995,0.0031999999999999997,0.0041,0,0,0,0,0,0,0,0,0,0,0,0,0,0,0,0
burst-time,0,0.0048,0.0042,0.027100000000000003,0.038400000000000004,0,0,0,0,0,0,0,0,0,0,0,0,0,0,0,0
smyth-time,0,0.040780999999940004,0.04144199999996,0.044231999999970004,0.04944200000001,0,0,0,0,0,0,0,0,0,0,0,0,0,0,0,0
syruptimeout,0,0,0,0,0,0,0,0,0,0,0,0,0,0,0,0,0,0,0,0,0
burst-timeout,0,0,0,0,0,0,0,0,0,0,0,0,0,0,0,0,0,0,0,0,0
smyth-timeout,0,0,0,0,0,0,0,0,0,0,0,0,0,0,0,0,0,0,0,0,0
bool_bor,,,,,,,,,,,,,,,,,,,,,
count,0,10,10,10,10,0,0,0,0,0,0,0,0,0,0,0,0,0,0,0,0
syrupcorrect,0,0,0,2,10,0,0,0,0,0,0,0,0,0,0,0,0,0,0,0,0
burst-correct,0,0,0,2,10,0,0,0,0,0,0,0,0,0,0,0,0,0,0,0,0
smyth-correct,0,0,0,2,10,0,0,0,0,0,0,0,0,0,0,0,0,0,0,0,0
smyth-rec-correct,0,0,0,0,0,0,0,0,0,0,0,0,0,0,0,0,0,0,0,0,0
burst-sof,0,0,0,0,0,0,0,0,0,0,0,0,0,0,0,0,0,0,0,0,0
smyth-sof,0,0,0,0,0,0,0,0,0,0,0,0,0,0,0,0,0,0,0,0,0
smyth-nosol,0,0,0,0,0,0,0,0,0,0,0,0,0,0,0,0,0,0,0,0,0
syruptime,0,0.0020000000000000005,0.0029999999999999996,0.0031999999999999997,0.0041,0,0,0,0,0,0,0,0,0,0,0,0,0,0,0,0
burst-time,0,0.012999999999999998,0.014699999999999998,0.0286,0.046400000000000004,0,0,0,0,0,0,0,0,0,0,0,0,0,0,0,0
smyth-time,0,0.04073699999982,0.04055300000004,0.0422199999996,0.050509000000149996,0,0,0,0,0,0,0,0,0,0,0,0,0,0,0,0
syruptimeout,0,0,0,0,0,0,0,0,0,0,0,0,0,0,0,0,0,0,0,0,0
burst-timeout,0,0,0,0,0,0,0,0,0,0,0,0,0,0,0,0,0,0,0,0,0
smyth-timeout,0,0,0,0,0,0,0,0,0,0,0,0,0,0,0,0,0,0,0,0,0
bool_impl,,,,,,,,,,,,,,,,,,,,,
count,0,10,10,10,10,0,0,0,0,0,0,0,0,0,0,0,0,0,0,0,0
syrupcorrect,0,0,2,4,10,0,0,0,0,0,0,0,0,0,0,0,0,0,0,0,0
burst-correct,0,0,2,4,10,0,0,0,0,0,0,0,0,0,0,0,0,0,0,0,0
smyth-correct,0,0,0,3,10,0,0,0,0,0,0,0,0,0,0,0,0,0,0,0,0
smyth-rec-correct,0,0,0,0,0,0,0,0,0,0,0,0,0,0,0,0,0,0,0,0,0
burst-sof,0,0,0,0,0,0,0,0,0,0,0,0,0,0,0,0,0,0,0,0,0
smyth-sof,0,0,0,0,0,0,0,0,0,0,0,0,0,0,0,0,0,0,0,0,0
smyth-nosol,0,0,0,0,0,0,0,0,0,0,0,0,0,0,0,0,0,0,0,0,0
syruptime,0,0.0020000000000000005,0.0020000000000000005,0.0031999999999999997,0.004000000000000001,0,0,0,0,0,0,0,0,0,0,0,0,0,0,0,0
burst-time,0,0.0081,0.023299999999999998,0.025399999999999995,0.0364,0,0,0,0,0,0,0,0,0,0,0,0,0,0,0,0
smyth-time,0,0.04249299999969999,0.04285900000013,0.044478999999920006,0.0499980000004,0,0,0,0,0,0,0,0,0,0,0,0,0,0,0,0
syruptimeout,0,0,0,0,0,0,0,0,0,0,0,0,0,0,0,0,0,0,0,0,0
burst-timeout,0,0,0,0,0,0,0,0,0,0,0,0,0,0,0,0,0,0,0,0,0
smyth-timeout,0,0,0,0,0,0,0,0,0,0,0,0,0,0,0,0,0,0,0,0,0
bool_neg,,,,,,,,,,,,,,,,,,,,,
count,0,10,10,0,0,0,0,0,0,0,0,0,0,0,0,0,0,0,0,0,0
syrupcorrect,0,0,10,0,0,0,0,0,0,0,0,0,0,0,0,0,0,0,0,0,0
burst-correct,0,0,10,0,0,0,0,0,0,0,0,0,0,0,0,0,0,0,0,0,0
smyth-correct,0,0,10,0,0,0,0,0,0,0,0,0,0,0,0,0,0,0,0,0,0
smyth-rec-correct,0,0,0,0,0,0,0,0,0,0,0,0,0,0,0,0,0,0,0,0,0
burst-sof,0,0,0,0,0,0,0,0,0,0,0,0,0,0,0,0,0,0,0,0,0
smyth-sof,0,0,0,0,0,0,0,0,0,0,0,0,0,0,0,0,0,0,0,0,0
smyth-nosol,0,0,0,0,0,0,0,0,0,0,0,0,0,0,0,0,0,0,0,0,0
syruptime,0,0.0012000000000000003,0.0020000000000000005,0,0,0,0,0,0,0,0,0,0,0,0,0,0,0,0,0,0
burst-time,0,0.001,0.0049,0,0,0,0,0,0,0,0,0,0,0,0,0,0,0,0,0,0
smyth-time,0,0.02099100000007,0.027937999999939997,0,0,0,0,0,0,0,0,0,0,0,0,0,0,0,0,0,0
syruptimeout,0,0,0,0,0,0,0,0,0,0,0,0,0,0,0,0,0,0,0,0,0
burst-timeout,0,0,0,0,0,0,0,0,0,0,0,0,0,0,0,0,0,0,0,0,0
smyth-timeout,0,0,0,0,0,0,0,0,0,0,0,0,0,0,0,0,0,0,0,0,0
bool_xor,,,,,,,,,,,,,,,,,,,,,
count,0,10,10,10,10,0,0,0,0,0,0,0,0,0,0,0,0,0,0,0,0
syrupcorrect,0,0,0,2,10,0,0,0,0,0,0,0,0,0,0,0,0,0,0,0,0
burst-correct,0,0,0,2,10,0,0,0,0,0,0,0,0,0,0,0,0,0,0,0,0
smyth-correct,0,0,0,0,10,0,0,0,0,0,0,0,0,0,0,0,0,0,0,0,0
smyth-rec-correct,0,0,0,0,0,0,0,0,0,0,0,0,0,0,0,0,0,0,0,0,0
burst-sof,0,0,0,0,0,0,0,0,0,0,0,0,0,0,0,0,0,0,0,0,0
smyth-sof,0,0,0,0,0,0,0,0,0,0,0,0,0,0,0,0,0,0,0,0,0
smyth-nosol,0,0,0,0,0,0,0,0,0,0,0,0,0,0,0,0,0,0,0,0,0
syruptime,0,0.0020000000000000005,0.0024000000000000002,0.007,0.025799999999999997,0,0,0,0,0,0,0,0,0,0,0,0,0,0,0,0
burst-time,0,0.0058000000000000005,0.0252,0.0341,0.040600000000000004,0,0,0,0,0,0,0,0,0,0,0,0,0,0,0,0
smyth-time,0,0.04136699999982,0.04301399999986,0.057179000000129994,0.09323799999969,0,0,0,0,0,0,0,0,0,0,0,0,0,0,0,0
syruptimeout,0,0,0,0,0,0,0,0,0,0,0,0,0,0,0,0,0,0,0,0,0
burst-timeout,0,0,0,0,0,0,0,0,0,0,0,0,0,0,0,0,0,0,0,0,0
smyth-timeout,0,0,0,0,0,0,0,0,0,0,0,0,0,0,0,0,0,0,0,0,0
nat_add,,,,,,,,,,,,,,,,,,,,,
count,0,10,10,10,10,10,10,10,10,10,0,0,0,0,0,0,0,0,0,0,0
syrupcorrect,0,6,7,10,10,10,10,10,10,10,0,0,0,0,0,0,0,0,0,0,0
burst-correct,0,0,0,1,2,1,1,4,7,7,0,0,0,0,0,0,0,0,0,0,0
smyth-correct,0,0,0,2,4,7,7,10,10,10,0,0,0,0,0,0,0,0,0,0,0
smyth-rec-correct,0,0,1,5,5,7,7,10,10,9,0,0,0,0,0,0,0,0,0,0,0
burst-sof,0,0,0,0,0,0,0,0,0,0,0,0,0,0,0,0,0,0,0,0,0
smyth-sof,0,0,0,0,0,0,0,0,0,0,0,0,0,0,0,0,0,0,0,0,0
smyth-nosol,0,0,0,2,2,1,1,0,0,0,0,0,0,0,0,0,0,0,0,0,0
syruptime,0,0.07069999999999999,0.0588,0.1901,0.2619,2.8776,1.5775000000000001,1.3711,2.8493,0.8605999999999999,0,0,0,0,0,0,0,0,0,0,0
burst-time,0,53.31029999999999,107.2208,32.7814,46.6067,95.85499999999999,53.2561,145.03359999999998,219.87259999999998,141.43359999999998,0,0,0,0,0,0,0,0,0,0,0
smyth-time,0,0.039239000000180005,0.04665199999976,0.05707099999998,0.08011200000013,0.10199599999963,0.12234500000002001,0.08138900000016,0.08327200000030001,0.09364400000007,0,0,0,0,0,0,0,0,0,0,0
syruptimeout,0,0,0,0,0,0,0,0,0,0,0,0,0,0,0,0,0,0,0,0,0
burst-timeout,0,0,0,7,7,8,9,6,3,3,0,0,0,0,0,0,0,0,0,0,0
smyth-timeout,0,0,0,0,0,0,0,0,0,0,0,0,0,0,0,0,0,0,0,0,0
nat_iseven,,,,,,,,,,,,,,,,,,,,,
count,0,10,10,10,10,0,0,0,0,0,0,0,0,0,0,0,0,0,0,0,0
syrupcorrect,0,0,2,7,10,0,0,0,0,0,0,0,0,0,0,0,0,0,0,0,0
burst-correct,0,0,0,0,10,0,0,0,0,0,0,0,0,0,0,0,0,0,0,0,0
smyth-correct,0,0,0,0,10,0,0,0,0,0,0,0,0,0,0,0,0,0,0,0,0
smyth-rec-correct,0,0,0,4,10,0,0,0,0,0,0,0,0,0,0,0,0,0,0,0,0
burst-sof,0,0,0,0,0,0,0,0,0,0,0,0,0,0,0,0,0,0,0,0,0
smyth-sof,0,0,0,0,0,0,0,0,0,0,0,0,0,0,0,0,0,0,0,0,0
smyth-nosol,0,0,5,3,0,0,0,0,0,0,0,0,0,0,0,0,0,0,0,0,0
syruptime,0,0.0023000000000000004,0.0262,0.0309,0.0171,0,0,0,0,0,0,0,0,0,0,0,0,0,0,0,0
burst-time,0,0.0282,0.1334,0.15019999999999997,0.14720000000000003,0,0,0,0,0,0,0,0,0,0,0,0,0,0,0,0
smyth-time,0,0.022766000000030002,0.01727400000027,0.03022499999996,0.0547100000001,0,0,0,0,0,0,0,0,0,0,0,0,0,0,0,0
syruptimeout,0,0,0,0,0,0,0,0,0,0,0,0,0,0,0,0,0,0,0,0,0
burst-timeout,0,0,0,0,0,0,0,0,0,0,0,0,0,0,0,0,0,0,0,0,0
smyth-timeout,0,0,0,0,0,0,0,0,0,0,0,0,0,0,0,0,0,0,0,0,0
nat_max,,,,,,,,,,,,,,,,,,,,,
count,0,10,10,10,10,10,10,10,10,10,10,10,10,10,10,10,0,0,0,0,0
syrupcorrect,0,0,1,3,2,1,7,4,7,7,9,9,10,10,10,10,0,0,0,0,0
burst-correct,0,0,0,0,0,0,0,0,1,0,3,1,1,8,6,9,0,0,0,0,0
smyth-correct,0,0,0,2,0,1,1,3,7,7,9,9,10,10,10,10,0,0,0,0,0
smyth-rec-correct,0,0,0,0,0,0,2,4,8,7,9,9,10,10,10,10,0,0,0,0,0
burst-sof,0,0,0,0,0,0,0,0,0,0,0,0,0,0,0,0,0,0,0,0,0
smyth-sof,0,0,0,0,0,0,0,0,0,0,0,0,0,0,0,0,0,0,0,0,0
smyth-nosol,0,0,0,0,0,0,0,0,0,0,0,0,0,0,0,0,0,0,0,0,0
syruptime,0,0.029500000000000002,0.41179999999999994,4.817699999999999,46.2518,36.353,163.7369,110.0839,118.71039999999999,162.23739999999995,38.1938,89.26509999999999,23.2262,11.337299999999999,4.688299999999999,3.7201,0,0,0,0,0
burst-time,0,0.23859999999999998,36.2564,0.40359999999999996,0.8505,13.630500000000001,2.2664,5.7559,41.8993,13.7021,102.7843,63.6387,30.9629,247.6932,107.9297,150.1104,0,0,0,0,0
smyth-time,0,0.042541999999910006,0.07477299999987999,0.2331950000003,0.18148499999994,0.11270199999988,30.72383699999993,50.428991000000195,1.3684589999999,2.4247129999998998,1.4451650000003,1.84059699999978,1.6424220000001002,0.8195329999999,1.0883949999999,0.956329,0,0,0,0,0
syruptimeout,0,0,0,0,0,0,0,2,2,2,1,0,0,0,0,0,0,0,0,0,0
burst-timeout,0,0,2,5,3,4,8,6,8,9,7,8,9,2,4,1,0,0,0,0,0
smyth-timeout,0,0,0,0,0,0,0,0,0,0,0,0,0,0,0,0,0,0,0,0,0
nat_pred,,,,,,,,,,,,,,,,,,,,,
count,0,10,10,10,10,0,0,0,0,0,0,0,0,0,0,0,0,0,0,0,0
syrupcorrect,0,0,6,10,10,0,0,0,0,0,0,0,0,0,0,0,0,0,0,0,0
burst-correct,0,0,2,6,10,0,0,0,0,0,0,0,0,0,0,0,0,0,0,0,0
smyth-correct,0,0,2,6,10,0,0,0,0,0,0,0,0,0,0,0,0,0,0,0,0
smyth-rec-correct,0,0,0,0,0,0,0,0,0,0,0,0,0,0,0,0,0,0,0,0,0
burst-sof,0,0,0,0,0,0,0,0,0,0,0,0,0,0,0,0,0,0,0,0,0
smyth-sof,0,0,0,0,0,0,0,0,0,0,0,0,0,0,0,0,0,0,0,0,0
smyth-nosol,0,0,4,4,0,0,0,0,0,0,0,0,0,0,0,0,0,0,0,0,0
syruptime,0,0.09440000000000001,0.06160000000000001,0.0652,0.0063999999999999994,0,0,0,0,0,0,0,0,0,0,0,0,0,0,0,0
burst-time,0,0.025100000000000004,0.0257,0.040400000000000005,0.044700000000000004,0,0,0,0,0,0,0,0,0,0,0,0,0,0,0,0
smyth-time,0,0.02203200000008,0.015278999999960002,0.01934299999993,0.03210299999954,0,0,0,0,0,0,0,0,0,0,0,0,0,0,0,0
syruptimeout,0,0,0,0,0,0,0,0,0,0,0,0,0,0,0,0,0,0,0,0,0
burst-timeout,0,0,0,0,0,0,0,0,0,0,0,0,0,0,0,0,0,0,0,0,0
smyth-timeout,0,0,0,0,0,0,0,0,0,0,0,0,0,0,0,0,0,0,0,0,0
list_hd,,,,,,,,,,,,,,,,,,,,,
count,0,10,10,10,10,10,10,10,10,10,10,0,0,0,0,0,0,0,0,0,0
syrupcorrect,0,0,7,9,10,10,10,10,10,10,10,0,0,0,0,0,0,0,0,0,0
burst-correct,0,0,3,7,8,7,10,10,10,9,10,0,0,0,0,0,0,0,0,0,0
smyth-correct,0,0,3,7,8,7,10,10,10,9,10,0,0,0,0,0,0,0,0,0,0
smyth-rec-correct,0,0,0,0,0,0,0,0,0,0,0,0,0,0,0,0,0,0,0,0,0
burst-sof,0,0,0,0,0,0,0,0,0,0,0,0,0,0,0,0,0,0,0,0,0
smyth-sof,0,0,0,0,0,0,0,0,0,0,0,0,0,0,0,0,0,0,0,0,0
smyth-nosol,0,0,5,3,2,3,0,0,0,1,0,0,0,0,0,0,0,0,0,0,0
syruptime,0,0.0649,0.113,0.1124,0.1467,1.0395999999999999,0.27049999999999996,0.18289999999999995,0.8207,0.6463,0.8646,0,0,0,0,0,0,0,0,0,0
burst-time,0,0.0164,0.14200000000000002,0.1142,0.10060000000000001,0.1386,0.1572,0.11740000000000002,0.1304,0.12279999999999998,0.11989999999999999,0,0,0,0,0,0,0,0,0,0
smyth-time,0,0.021722999999819997,0.01358899999991,0.02134800000022,0.024013000000440002,0.02141800000003,0.03074000000015,0.030218999999990004,0.030261000000100003,0.02623100000003,0.029283999999960002,0,0,0,0,0,0,0,0,0,0
syruptimeout,0,0,0,0,0,0,0,0,0,0,0,0,0,0,0,0,0,0,0,0,0
burst-timeout,0,0,0,0,0,0,0,0,0,0,0,0,0,0,0,0,0,0,0,0,0
smyth-timeout,0,0,0,0,0,0,0,0,0,0,0,0,0,0,0,0,0,0,0,0,0
list_tl,,,,,,,,,,,,,,,,,,,,,
count,0,10,10,10,10,10,10,10,10,10,10,0,0,0,0,0,0,0,0,0,0
syrupcorrect,0,3,9,9,10,10,10,10,10,10,10,0,0,0,0,0,0,0,0,0,0
burst-correct,0,0,3,2,5,5,8,9,9,8,9,0,0,0,0,0,0,0,0,0,0
smyth-correct,0,0,3,2,5,5,8,9,9,8,9,0,0,0,0,0,0,0,0,0,0
smyth-rec-correct,0,0,0,0,0,0,0,0,0,0,0,0,0,0,0,0,0,0,0,0,0
burst-sof,0,0,0,0,0,0,0,0,0,0,0,0,0,0,0,0,0,0,0,0,0
smyth-sof,0,0,0,0,0,0,0,0,0,0,0,0,0,0,0,0,0,0,0,0,0
smyth-nosol,0,0,6,7,5,5,2,1,1,2,1,0,0,0,0,0,0,0,0,0,0
syruptime,0,0.0089,0.020000000000000004,0.0487,0.0794,0.05569999999999999,0.3318,0.1261,0.4809,1.4933,0.6481,0,0,0,0,0,0,0,0,0,0
burst-time,0,0.0595,0.1955,0.1814,0.2685,0.2549,0.27480000000000004,0.20559999999999995,0.2518,0.2076,0.1646,0,0,0,0,0,0,0,0,0,0
smyth-time,0,0.02054199999975,0.01215300000013,0.00765000000001,0.013964000000219998,0.01423799999974,0.02219800000011,0.024579999999780004,0.023891000000029996,0.02128899999979,0.02482200000031,0,0,0,0,0,0,0,0,0,0
syruptimeout,0,0,0,0,0,0,0,0,0,0,0,0,0,0,0,0,0,0,0,0,0
burst-timeout,0,0,0,0,0,0,0,0,0,0,0,0,0,0,0,0,0,0,0,0,0
smyth-timeout,0,0,0,0,0,0,0,0,0,0,0,0,0,0,0,0,0,0,0,0,0
list_last,,,,,,,,,,,,,,,,,,,,,
count,0,10,10,10,10,10,10,10,10,10,10,10,10,10,10,10,10,10,10,10,10
syrupcorrect,0,0,2,8,10,9,10,10,10,10,10,9,8,9,5,4,1,0,0,0,0
burst-correct,0,0,0,3,7,8,9,10,9,10,10,9,10,10,10,10,10,10,10,10,10
smyth-correct,0,0,0,0,3,4,7,6,6,9,10,9,10,10,10,10,10,10,10,10,10
smyth-rec-correct,0,0,0,2,6,6,7,8,8,10,10,9,10,10,10,10,10,10,10,10,10
burst-sof,0,0,0,0,0,0,0,0,0,0,0,0,0,0,0,0,0,0,0,0,0
smyth-sof,0,0,0,0,0,0,0,0,0,0,0,0,0,0,0,0,0,0,0,0,0
smyth-nosol,0,0,3,5,3,1,3,1,2,0,0,1,0,0,0,0,0,0,0,0,0
syruptime,0,0.0052,0.024999999999999998,0.1347,0.3045,0.5273000000000001,1.1994999999999998,2.4896000000000003,8.2237,20.951300000000003,140.9593,108.63300000000001,157.6698,195.53470000000002,230.013,214.1889,23.8892,0,0,0,0
burst-time,0,0.4227,2.3174,3.596,78.30730000000001,4.2311,3.3818,47.70430000000001,1.1277000000000001,1.1136,2.8063,1.3458999999999999,7.6565,0.7403,1.7936999999999999,1.5495,0.8877000000000002,1.0859,0.9400999999999999,3.986,0.7608999999999999
smyth-time,0,0.01796200000058,0.01688400000035,0.07111099999997,0.06226900000003,0.09443799999982999,0.05128000000014,0.06545800000029,0.060993999999709995,0.07745199999999,0.07645899999988,0.06991500000026,0.07783499999983,0.08217399999988,0.07927000000017999,0.09414400000011,0.0818140000001,0.09866300000016,0.08277299999986,0.09717900000027,0.08376599999973999
syruptimeout,0,0,0,0,0,0,0,0,0,0,0,1,2,1,5,6,9,10,10,10,10
burst-timeout,0,0,0,0,0,0,0,0,0,0,0,0,0,0,0,0,0,0,0,0,0
smyth-timeout,0,0,0,0,0,0,0,0,0,0,0,0,0,0,0,0,0,0,0,0,0
list_take,,,,,,,,,,,,,,,,,,,,,
count,0,10,10,10,10,10,10,10,10,10,10,10,10,10,10,10,10,10,10,10,10
syrupcorrect,0,0,1,4,3,5,4,4,2,2,1,0,2,1,0,0,0,0,0,0,0
burst-correct,0,0,0,0,0,0,0,0,0,0,0,0,0,0,0,0,0,0,0,0,0
smyth-correct,0,0,0,0,0,0,5,4,6,6,6,8,6,10,9,10,9,10,10,10,10
smyth-rec-correct,0,0,0,0,0,2,6,6,7,7,8,8,8,10,9,10,9,10,10,10,10
burst-sof,0,0,0,0,0,2,0,0,2,0,0,1,0,0,1,0,3,0,0,0,0
smyth-sof,0,0,0,0,0,0,0,0,0,0,0,0,0,0,0,0,0,0,0,0,0
smyth-nosol,0,0,3,1,1,2,1,0,0,0,0,0,2,0,0,0,0,0,0,0,0
syruptime,0,0.0667,0.6347999999999999,3.5980000000000003,5.3668000000000005,31.380000000000003,67.3166,3.1550000000000007,49.8395,176.0776,38.8132,106.4562,36.6522,72.8275,0,0,0,0,0,0,0
burst-time,0,50.1684,55.6355,2.0087,42.8339,0.15530000000000002,5.0516000000000005,69.7744,0.21810000000000002,6.0302,0,0,0,0,0.044,0,28.5351,0,0,0,0
smyth-time,0,0.04251200000022,0.03203900000018,0.09792899999999,0.10198100000027999,0.13464399999983,0.27344799999993,0.43461000000028,0.38778600000034996,0.4885469999999201,0.6453140000002999,0.5721429999998,0.543173,0.7500759999999,0.7502410000003099,0.9776559999998,1.00432299999999,1.0939919999999002,0.9639790000000998,1.1485569999999,1.1514200000000998
syruptimeout,0,0,0,0,1,1,3,2,6,5,9,9,8,9,10,10,10,10,10,10,10
burst-timeout,0,1,3,6,7,5,7,6,6,7,10,9,10,10,8,10,6,10,10,10,10
smyth-timeout,0,0,0,1,1,0,0,0,0,0,0,1,0,0,0,0,0,0,0,0,0
list_drop,,,,,,,,,,,,,,,,,,,,,
count,0,10,10,10,10,10,10,10,10,10,10,10,10,10,10,10,10,10,10,10,10
syrupcorrect,0,0,1,0,4,7,4,5,6,3,4,1,1,0,1,0,0,0,1,0,0
burst-correct,0,0,0,0,0,0,0,0,0,0,1,1,0,1,2,2,1,0,0,1,1
smyth-correct,0,0,0,0,0,4,4,5,7,7,7,9,8,10,10,10,10,10,10,9,9
smyth-rec-correct,0,0,0,0,1,4,4,7,7,7,7,9,8,10,10,10,10,10,10,9,9
burst-sof,0,0,0,0,0,0,0,0,0,0,0,0,0,0,0,0,0,0,0,0,0
smyth-sof,0,0,0,0,0,0,0,0,0,0,0,0,0,0,0,0,0,0,0,0,0
smyth-nosol,0,0,1,0,2,2,2,1,2,1,2,1,1,0,0,0,0,0,0,0,0
syruptime,0,0.017499999999999998,0.30460000000000004,0.3966,8.248099999999999,20.105300000000003,18.471500000000002,58.265299999999996,76.68450000000001,57.0931,102.22659999999999,1.997,22.586399999999998,0,83.3323,0,0,0,103.0621,0,0
burst-time,0,0.1812,1.1502,3.4292,5.9347,1.6365,87.45230000000001,6.5369,15.085500000000001,0.5042,55.0047,114.9951,0.1664,54.0971,221.31219999999996,70.1315,55.2173,11.8635,0,22.461100000000002,50.632
smyth-time,0,0.038782000000330004,0.04190800000016,0.054463999999829996,0.08551199999987999,0.14680499999983002,0.21850800000025003,0.26941499999972,0.32910899999991006,0.62736700000003,0.42984200000019,0.5496519999998,0.62936200000002,0.705965,1.1557779999998,0.8850380000002,1.1842719999998,1.1266250000001001,1.2178119999998998,1.2586510000003,1.3522420000000999
syruptimeout,0,0,0,0,0,0,2,3,3,5,5,9,8,10,9,10,10,10,9,10,10
burst-timeout,0,0,1,0,2,7,4,7,8,8,8,8,9,9,6,8,9,9,10,7,9
smyth-timeout,0,0,0,0,0,0,0,0,0,0,0,0,0,0,0,0,0,0,0,0,0
list_nth,,,,,,,,,,,,,,,,,,,,,
count,0,10,10,10,10,10,10,10,10,10,10,10,10,10,10,10,10,10,10,10,10
syrupcorrect,0,0,0,1,4,6,7,7,4,7,2,5,3,2,2,2,1,0,0,0,0
burst-correct,0,0,0,0,0,0,0,0,2,0,1,0,2,0,2,2,0,2,1,1,3
smyth-correct,0,0,0,0,0,1,3,2,6,6,2,6,9,8,7,9,10,9,10,10,9
smyth-rec-correct,0,0,0,0,0,1,4,2,7,6,2,6,9,8,7,9,10,9,10,10,9
burst-sof,0,0,0,0,0,0,0,0,0,0,0,0,0,0,0,0,0,0,0,0,0
smyth-sof,0,0,0,0,0,0,0,0,0,0,0,0,0,0,0,0,0,0,0,0,0
smyth-nosol,0,0,1,2,2,3,2,1,2,0,1,0,0,0,0,0,0,0,0,0,0
syruptime,0,0.011399999999999999,0.0332,0.3369,12.7686,21.665399999999995,33.1244,86.998,55.0915,131.4193,6.0827,69.2369,41.2394,138.1398,92.0376,75.624,109.4951,0,0,0,0
burst-time,0,0.0192,31.330900000000003,9.0017,7.639499999999998,95.7894,15.0309,0.8838,33.555400000000006,7.9308,30.152,0.1902,69.3651,0.11800000000000001,103.0833,80.2562,0,91.1611,91.582,9.389,187.3481
smyth-time,0,0.035859000000319996,0.04221599999983,0.03966999999989,0.08913400000023,1.42373999999993,4.359841999999641,49.007115999999904,0.336102,0.5106540000003,0.36182500000026996,0.5461340000002,0.7110409999998,0.70164499999983,0.7399910000000001,0.98510500000001,1.112828,1.180241,1.2069129999999,1.1270060000002,1.0864380000000002
syruptimeout,0,0,0,0,0,0,2,2,6,3,5,5,7,7,8,7,9,10,10,10,10
burst-timeout,0,0,0,0,3,4,6,7,7,6,3,9,7,8,6,6,10,7,9,9,7
smyth-timeout,0,0,0,0,0,0,0,2,0,0,2,2,0,0,1,0,0,0,0,0,1
list_sum,,,,,,,,,,,,,,,,,,,,,
count,0,10,10,10,10,10,10,10,10,10,10,0,0,0,0,0,0,0,0,0,0
syrupcorrect,0,0,1,8,9,10,10,10,10,10,8,0,0,0,0,0,0,0,0,0,0
burst-correct,0,1,9,10,10,10,10,10,10,10,10,0,0,0,0,0,0,0,0,0,0
smyth-correct,0,0,10,10,10,10,10,10,10,10,10,0,0,0,0,0,0,0,0,0,0
smyth-rec-correct,0,0,0,0,0,0,0,0,0,0,0,0,0,0,0,0,0,0,0,0,0
burst-sof,0,0,0,0,0,0,0,0,0,0,0,0,0,0,0,0,0,0,0,0,0
smyth-sof,0,0,0,0,0,0,0,0,0,0,0,0,0,0,0,0,0,0,0,0,0
smyth-nosol,0,0,0,0,0,0,0,0,0,0,0,0,0,0,0,0,0,0,0,0,0
syruptime,0,0.057999999999999996,0.12190000000000001,0.2742,0.5614,2.6186,3.2832000000000003,6.570600000000001,5.840099999999999,27.268300000000004,11.4239,0,0,0,0,0,0,0,0,0,0
burst-time,0,0.5932,12.9332,4.5167,13.0732,6.123199999999999,31.108099999999997,9.6491,31.930999999999997,2.3720999999999997,11.118199999999998,0,0,0,0,0,0,0,0,0,0
smyth-time,0,0.3007019999996,0.2802240000002,0.28849099999960004,0.296439,0.3021989999997,0.303251,0.31573500000020005,0.31802399999970005,0.3274970000003,0.3347990000001,0,0,0,0,0,0,0,0,0,0
syruptimeout,0,0,0,0,0,0,0,0,0,0,2,0,0,0,0,0,0,0,0,0,0
burst-timeout,0,0,0,0,0,0,0,0,0,0,0,0,0,0,0,0,0,0,0,0,0
smyth-timeout,0,0,0,0,0,0,0,0,0,0,0,0,0,0,0,0,0,0,0,0,0
list_length,,,,,,,,,,,,,,,,,,,,,
count,0,10,10,10,10,10,0,0,0,0,0,0,0,0,0,0,0,0,0,0,0
syrupcorrect,0,7,10,10,10,10,0,0,0,0,0,0,0,0,0,0,0,0,0,0,0
burst-correct,0,0,4,7,8,10,0,0,0,0,0,0,0,0,0,0,0,0,0,0,0
smyth-correct,0,0,0,4,5,10,0,0,0,0,0,0,0,0,0,0,0,0,0,0,0
smyth-rec-correct,0,0,3,4,6,10,0,0,0,0,0,0,0,0,0,0,0,0,0,0,0
burst-sof,0,0,0,0,0,0,0,0,0,0,0,0,0,0,0,0,0,0,0,0,0
smyth-sof,0,0,0,0,0,0,0,0,0,0,0,0,0,0,0,0,0,0,0,0,0
smyth-nosol,0,0,7,5,4,0,0,0,0,0,0,0,0,0,0,0,0,0,0,0,0
syruptime,0,0.0771,0.1076,0.1462,0.9486,0.1747,0,0,0,0,0,0,0,0,0,0,0,0,0,0,0
burst-time,0,0.4694,0.9407000000000001,2.3836,5.696999999999999,4.2909,0,0,0,0,0,0,0,0,0,0,0,0,0,0,0
smyth-time,0,0.03172000000019,0.012465000000019998,0.018704999999970003,0.02129100000003,0.03255799999987,0,0,0,0,0,0,0,0,0,0,0,0,0,0,0
syruptimeout,0,0,0,0,0,0,0,0,0,0,0,0,0,0,0,0,0,0,0,0,0
burst-timeout,0,0,0,1,1,0,0,0,0,0,0,0,0,0,0,0,0,0,0,0,0
smyth-timeout,0,0,0,0,0,0,0,0,0,0,0,0,0,0,0,0,0,0,0,0,0
list_even_parity,,,,,,,,,,,,,,,,,,,,,
count,0,10,10,10,10,10,10,10,10,10,10,10,10,10,10,10,0,0,0,0,0
syrupcorrect,0,0,0,0,4,5,4,10,9,10,10,10,10,10,10,10,0,0,0,0,0
burst-correct,0,0,0,0,0,2,3,6,9,8,10,10,10,10,10,10,0,0,0,0,0
smyth-correct,0,0,0,0,0,1,0,1,4,3,7,9,9,2,1,0,0,0,0,0,0
smyth-rec-correct,0,0,0,0,0,1,1,1,4,3,7,9,9,2,1,0,0,0,0,0,0
burst-sof,0,0,0,0,0,0,0,0,0,0,0,0,0,0,0,0,0,0,0,0,0
smyth-sof,0,0,0,0,0,0,0,0,0,0,0,0,0,0,0,0,0,0,0,0,0
smyth-nosol,0,0,4,2,2,1,1,0,1,0,0,0,0,0,0,0,0,0,0,0,0
syruptime,0,0.0872,0.11599999999999998,0.1573,1.5264000000000002,0.49759999999999993,0.42660000000000003,2.2532,1.2085,3.7078000000000007,1.2303,2.5709000000000004,1.9882,1.7573,2.9943999999999997,3.4641,0,0,0,0,0
burst-time,0,0.011300000000000001,0.08690000000000002,0.373,0.35779999999999995,0.6148000000000001,0.8047,1.2551999999999999,1.6300000000000001,1.0304,1.1997000000000002,1.0560999999999998,0.9490999999999998,0.8584,1.7033,0.8136000000000001,0,0,0,0,0
smyth-time,0,0.018862999999779997,0.011704000000230001,0.13199900000029,0.0324639999999,0.11073,0.11752900000007001,0.6557220000003999,1.3828230000003001,2.3174709999999497,10.398987,40.808645000000006,201.40741300000002,3.3249210000000002,2.500633,0,0,0,0,0,0
syruptimeout,0,0,0,0,0,0,0,0,0,0,0,0,0,0,0,0,0,0,0,0,0
burst-timeout,0,0,0,0,0,0,0,0,0,0,0,0,0,0,0,0,0,0,0,0,0
smyth-timeout,0,0,0,0,0,0,0,0,0,0,0,0,0,7,9,10,0,0,0,0,0
list_inc,,,,,,,,,,,,,,,,,,,,,
count,0,10,10,10,10,10,10,10,10,10,10,0,0,0,0,0,0,0,0,0,0
syrupcorrect,0,7,10,10,10,10,10,10,10,10,10,0,0,0,0,0,0,0,0,0,0
burst-correct,0,3,7,9,10,10,10,10,10,10,10,0,0,0,0,0,0,0,0,0,0
smyth-correct,0,5,10,10,10,10,10,10,10,10,10,0,0,0,0,0,0,0,0,0,0
smyth-rec-correct,0,0,0,0,0,0,0,0,0,0,0,0,0,0,0,0,0,0,0,0,0
burst-sof,0,0,0,0,0,0,0,0,0,0,0,0,0,0,0,0,0,0,0,0,0
smyth-sof,0,0,0,0,0,0,0,0,0,0,0,0,0,0,0,0,0,0,0,0,0
smyth-nosol,0,0,0,0,0,0,0,0,0,0,0,0,0,0,0,0,0,0,0,0,0
syruptime,0,0.0714,0.0993,0.10459999999999998,0.1245,0.4138,0.19120000000000004,0.7970999999999999,0.48500000000000004,8.2636,1.9080000000000001,0,0,0,0,0,0,0,0,0,0
burst-time,0,0.2069,0.6646,0.5086,0.6168,0.6158000000000001,0.5371,0.4598,0.39960000000000007,0.3947,0.4968000000000001,0,0,0,0,0,0,0,0,0,0
smyth-time,0,0.12272000000026,0.11206500000009999,0.1161669999998,0.118288,0.1289990000001,0.1252259999998,0.1405380000001,0.13944799999979998,0.1461990000003,0.1491879999999,0,0,0,0,0,0,0,0,0,0
syruptimeout,0,0,0,0,0,0,0,0,0,0,0,0,0,0,0,0,0,0,0,0,0
burst-timeout,0,0,0,0,0,0,0,0,0,0,0,0,0,0,0,0,0,0,0,0,0
smyth-timeout,0,0,0,0,0,0,0,0,0,0,0,0,0,0,0,0,0,0,0,0,0
list_stutter,,,,,,,,,,,,,,,,,,,,,
count,0,10,10,10,10,10,10,10,10,10,10,0,0,0,0,0,0,0,0,0,0
syrupcorrect,0,5,6,9,10,10,10,10,10,10,10,0,0,0,0,0,0,0,0,0,0
burst-correct,0,0,1,3,3,3,1,4,3,1,4,0,0,0,0,0,0,0,0,0,0
smyth-correct,0,0,3,5,9,9,8,7,9,9,10,0,0,0,0,0,0,0,0,0,0
smyth-rec-correct,0,0,4,6,9,9,8,7,9,9,10,0,0,0,0,0,0,0,0,0,0
burst-sof,0,0,0,0,0,0,0,0,0,0,0,0,0,0,0,0,0,0,0,0,0
smyth-sof,0,0,0,0,0,0,0,0,0,0,0,0,0,0,0,0,0,0,0,0,0
smyth-nosol,0,0,4,4,1,1,2,3,1,1,0,0,0,0,0,0,0,0,0,0,0
syruptime,0,0.1309,0.17529999999999998,0.4375,0.3368,1.1501999999999997,1.1697,6.4616999999999996,4.2636,1.3949000000000003,2.1689999999999996,0,0,0,0,0,0,0,0,0,0
burst-time,0,10.8955,90.72559999999999,108.406,85.1831,74.9553,58.6704,129.7445,106.0918,53.0071,85.39150000000001,0,0,0,0,0,0,0,0,0,0
smyth-time,0,0.02068300000019,0.041827,0.022410000000030003,0.028004000000250003,0.02823300000001,0.030948999999959998,0.023064999999839998,0.029564000000180002,0.03108400000021,0.04681999999981001,0,0,0,0,0,0,0,0,0,0
syruptimeout,0,0,0,0,0,0,0,0,0,0,0,0,0,0,0,0,0,0,0,0,0
burst-timeout,0,3,5,5,7,7,9,6,7,9,6,0,0,0,0,0,0,0,0,0,0
smyth-timeout,0,0,0,0,0,0,0,0,0,0,0,0,0,0,0,0,0,0,0,0,0
list_snoc,,,,,,,,,,,,,,,,,,,,,
count,0,10,10,10,10,10,10,10,10,10,10,10,10,10,10,10,10,10,10,10,10
syrupcorrect,0,7,10,10,10,10,10,10,9,8,6,2,2,3,1,0,0,0,0,0,0
burst-correct,0,0,1,2,4,3,1,5,5,2,5,2,5,6,3,3,6,1,4,7,4
smyth-correct,0,0,1,4,4,8,6,10,9,10,10,9,10,10,10,10,10,10,10,10,10
smyth-rec-correct,0,0,1,7,7,8,8,10,9,10,10,9,10,10,10,10,10,10,10,10,10
burst-sof,0,0,0,0,0,0,0,0,0,0,0,0,0,0,0,0,0,1,0,0,0
smyth-sof,0,0,0,0,0,0,0,0,0,0,0,0,0,0,0,0,0,0,0,0,0
smyth-nosol,0,0,4,3,3,2,2,0,1,0,0,1,0,0,0,0,0,0,0,0,0
syruptime,0,0.047,0.12729999999999997,0.19239999999999996,1.2784000000000002,5.0104,126.89110000000002,60.469699999999996,47.7034,180.15560000000002,58.566300000000005,52.105999999999995,103.37939999999999,117.882,1.6343,0,0,0,0,0,0
burst-time,0,0.9834999999999999,29.8212,0.1872,3.8141,4.856300000000001,2.6646,5.2978000000000005,32.1749,10.591700000000001,7.0577,4.4376999999999995,3.1984,49.8938,1.1036000000000001,35.000099999999996,1.3302,0.0409,0.32589999999999997,13.316799999999999,7.9772
smyth-time,0,0.04338700000017,0.07581300000014,0.1445510000002,0.099092,0.13732699999987,0.145413,0.16192299999999998,0.12937399999989999,0.1533519999997,0.15781099999969997,0.1500009999999,0.17868999999989996,0.1975240000004,0.1694829999999,0.19680100000029999,0.20490699999990003,0.1877450000002,0.20935999999969998,0.2057370000003,0.23003900000049998
syruptimeout,0,0,0,0,0,0,0,0,1,2,4,8,8,7,9,10,10,10,10,10,10
burst-timeout,0,3,7,8,6,7,8,5,5,8,5,8,5,4,7,7,4,8,6,3,6
smyth-timeout,0,0,0,0,0,0,0,0,0,0,0,0,0,0,0,0,0,0,0,0,0
list_append,,,,,,,,,,,,,,,,,,,,,
count,0,10,10,10,10,10,10,10,10,10,10,10,10,10,10,10,10,10,10,10,10
syrupcorrect,0,3,9,10,10,10,10,8,8,5,2,4,2,2,0,0,1,0,0,0,0
burst-correct,0,0,0,1,2,1,0,3,1,0,2,2,1,3,2,4,1,1,1,1,2
smyth-correct,0,0,0,3,7,8,9,9,9,9,9,10,8,10,10,10,10,10,10,10,10
smyth-rec-correct,0,0,0,7,10,8,9,9,9,9,9,10,8,10,10,10,10,10,10,10,10
burst-sof,0,0,0,0,0,0,0,0,0,0,0,0,0,0,0,0,0,0,0,0,0
smyth-sof,0,0,0,0,0,0,0,0,0,0,0,0,0,0,0,0,0,0,0,0,0
smyth-nosol,0,0,3,0,0,2,1,1,1,1,1,0,2,0,0,0,0,0,0,0,0
syruptime,0,0.0349,0.0831,0.19500000000000003,1.1568,29.3441,94.1562,110.61530000000002,262.2946,292.1907,145.6981,158.2548,94.6568,5.881600000000001,0,0,44.1538,0,0,0,0
burst-time,0,0.3286,0.2072,8.2309,15.158900000000001,0.7934,0,11.175899999999999,0.1218,0,0.16920000000000002,0.3512,0.4366,0.6685,6.4321,85.614,8.4197,2.8292,0.4918,0.1823,1.4616
smyth-time,0,0.04399599999988,0.05932200000001,0.19596399999971,0.1154279999999,0.08548900000007999,0.09377799999994002,0.09895899999985,0.09572200000001001,0.11299099999998999,0.09397600000011999,0.11745899999981001,0.08056500000017999,0.10595600000038999,0.11614800000009999,0.14263000000024997,0.11204799999998,0.12351300000015002,0.10731700000019997,0.12038600000013999,0.13090800000032
syruptimeout,0,0,0,0,0,0,0,2,2,5,8,6,8,8,10,10,9,10,10,10,10
burst-timeout,0,1,5,6,7,9,10,7,9,10,8,8,9,7,8,6,9,9,9,9,8
smyth-timeout,0,0,0,0,0,0,0,0,0,0,0,0,0,0,0,0,0,0,0,0,0
list_compress,,,,,,,,,,,,,,,,,,,,,
count,0,10,10,10,10,10,10,10,10,10,10,10,10,10,10,10,10,10,10,10,10
syrupcorrect,0,0,0,1,0,3,3,5,2,3,3,2,0,0,0,0,0,0,0,0,0
burst-correct,0,0,0,0,0,0,0,0,0,0,0,0,0,0,1,0,0,0,0,1,0
smyth-correct,0,0,0,0,0,0,0,0,0,0,0,0,0,0,0,0,0,0,0,0,0
smyth-rec-correct,0,0,0,0,0,0,0,0,0,0,0,0,0,0,0,0,0,0,0,0,0
burst-sof,0,0,0,0,0,0,0,0,0,0,0,0,0,0,0,0,0,0,0,0,0
smyth-sof,0,0,0,0,0,0,0,0,0,0,0,0,0,0,0,0,0,0,10,10,10
smyth-nosol,0,0,1,3,4,3,3,4,2,1,0,0,0,0,0,1,1,0,0,0,0
syruptime,0,0.0112,0.6544000000000001,3.7706999999999993,5.0915,28.5114,96.9233,311.56,224.3066,251.4123,259.0842,221.1187,88.6511,0,0.0388,0,0,0,0,0,0
burst-time,0,0.16139999999999996,0.21439999999999995,0.9286999999999999,32.5503,32.631,34.551,43.4434,72.20939999999999,0.9704999999999999,45.92059999999999,6.3929,32.6516,2.6862,118.51589999999999,148.5327,42.501599999999996,152.61509999999998,46.5357,81.63810000000001,124.89699999999999
smyth-time,0,0.03015599999979,0.02734499999951,0.0334229999996,0.10026899999984,0.8384979999999,3.54398500000008,4.50750799999989,4.470442999999929,24.005353,17.981455999999902,36.904135,38.005411,25.958737,158.12254099999996,0,0,0,0,0,0
syruptimeout,0,0,0,0,0,1,0,0,2,6,6,7,8,10,9,10,10,10,10,10,10
burst-timeout,0,0,0,1,1,4,7,4,6,8,6,6,5,9,2,5,4,3,5,3,6
smyth-timeout,0,0,0,0,0,0,1,0,3,3,7,5,8,9,7,9,9,10,0,0,0
list_concat,,,,,,,,,,,,,,,,,,,,,
count,0,10,10,10,10,10,10,10,10,10,10,10,10,10,10,10,10,10,10,10,10
syrupcorrect,0,2,1,7,8,10,10,10,9,9,10,9,10,10,10,10,9,9,10,10,9
burst-correct,0,0,0,7,7,8,8,9,7,9,9,7,9,9,9,8,9,9,10,10,10
smyth-correct,0,0,0,4,5,7,9,8,9,10,9,10,10,10,10,10,10,10,10,10,10
smyth-rec-correct,0,0,2,7,7,7,9,8,9,10,9,10,10,10,10,10,10,10,10,10,10
burst-sof,0,0,0,0,0,0,0,0,0,0,0,0,0,0,0,0,0,0,0,0,0
smyth-sof,0,0,0,0,0,0,0,0,0,0,0,0,0,0,0,0,0,0,0,0,0
smyth-nosol,0,0,1,3,3,3,1,2,1,0,1,0,0,0,0,0,0,0,0,0,0
syruptime,0,0.12819999999999998,0.0854,2.0127999999999995,0.764,3.9134,0.7437,2.925700000000001,63.7513,7.700100000000001,3.5698000000000003,2.1189999999999998,24.157699999999995,19.2194,61.4793,55.468,15.6965,15.2879,24.4343,70.416,68.2668
burst-time,0,0.29129999999999995,4.1791,18.020099999999996,15.2593,16.7089,30.5316,32.487,93.4744,7.8578,12.260100000000001,160.9832,4.1102,2.1293,18.7712,33.6944,3.8110999999999997,3.6854,5.858499999999999,2.6523000000000003,5.8143
smyth-time,0,0.06619500000011,0.0792040000001,0.06599899999995,0.06513900000027001,0.06708799999984,0.09036299999983999,0.08830300000027,0.08846800000046,0.09573300000059,0.08610900000029001,0.09686400000034,0.09911600000025998,0.10066199999973001,0.10130000000010002,0.10366399999999,0.10562299999989999,0.10917099999970001,0.1094710000003,0.1078700000004,0.1096
syruptimeout,0,0,0,0,0,0,0,0,1,1,0,0,0,0,0,0,1,1,0,0,1
burst-timeout,0,0,0,0,0,2,0,0,1,0,0,1,1,1,1,2,1,1,0,0,0
smyth-timeout,0,0,0,0,0,0,0,0,0,0,0,0,0,0,0,0,0,0,0,0,0
list_rev_append,,,,,,,,,,,,,,,,,,,,,
count,0,10,10,10,10,10,10,10,10,10,10,10,10,10,10,10,0,0,0,0,0
syrupcorrect,0,0,0,0,0,0,0,0,0,0,0,0,0,0,0,0,0,0,0,0,0
burst-correct,0,0,1,2,3,3,2,2,3,4,3,5,5,6,7,7,0,0,0,0,0
smyth-correct,0,0,0,4,2,4,7,7,8,8,10,10,9,10,10,10,0,0,0,0,0
smyth-rec-correct,0,0,0,4,2,4,7,7,8,8,10,10,9,10,10,10,0,0,0,0,0
burst-sof,0,0,0,0,0,0,1,0,0,0,0,0,0,0,0,0,0,0,0,0,0
smyth-sof,0,0,0,0,0,0,0,0,0,0,0,0,0,0,0,0,0,0,0,0,0
smyth-nosol,0,0,8,3,5,2,2,0,1,2,0,0,1,0,0,0,0,0,0,0,0
syruptime,0,35.951499999999996,0.3905,1.1118999999999999,0.778,0.1959,0.1459,4.1001,0.1473,0,0,0,0,0,0,0,0,0,0,0,0
burst-time,0,22.778699999999994,43.3873,15.641800000000003,117.9638,135.3401,15.0183,192.71339999999998,82.4405,84.7603,69.3523,158.2762,110.1262,205.93200000000002,196.7833,120.9614,0,0,0,0,0
smyth-time,0,0.07188599999995,0.04819999999995,19.48689699999971,0.4782330000001,14.281193999999969,11.077361999999999,18.348587,1.8642630000000002,2.015276,18.223943,3.199208,2.85854,27.497064999999992,3.8379000000000003,4.241176,0,0,0,0,0
syruptimeout,0,1,6,5,6,7,9,7,9,10,10,10,10,10,10,10,0,0,0,0,0
burst-timeout,0,0,3,2,1,4,6,5,6,6,7,5,5,4,3,3,0,0,0,0,0
smyth-timeout,0,0,0,0,0,0,0,0,0,0,0,0,0,0,0,0,0,0,0,0,0
list_rev_fold,,,,,,,,,,,,,,,,,,,,,
count,0,10,10,10,10,10,10,10,10,10,10,10,10,10,10,10,0,0,0,0,0
syrupcorrect,0,4,7,4,9,9,10,10,10,10,10,10,10,10,10,10,0,0,0,0,0
burst-correct,0,4,7,4,8,9,9,10,10,10,10,10,10,10,10,10,0,0,0,0,0
smyth-correct,0,4,7,4,9,9,10,10,10,10,10,10,10,10,10,10,0,0,0,0,0
smyth-rec-correct,0,0,0,0,0,0,0,0,0,0,0,0,0,0,0,0,0,0,0,0,0
burst-sof,0,0,0,0,0,0,0,0,0,0,0,0,0,0,0,0,0,0,0,0,0
smyth-sof,0,0,0,0,0,0,0,0,0,0,0,0,0,0,0,0,0,0,0,0,0
smyth-nosol,0,0,0,0,0,0,0,0,0,0,0,0,0,0,0,0,0,0,0,0,0
syruptime,0,0.034199999999999994,0.0559,0.043000000000000003,0.06709999999999999,0.1186,0.9377,7.9241,0.34500000000000003,2.1012000000000004,46.22859999999999,3.9662999999999995,11.924199999999999,3.7055000000000002,11.688399999999998,5.3139,0,0,0,0,0
burst-time,0,3.2737,8.4678,1.5434999999999999,6.1185,4.9769,3.9697000000000005,14.0037,10.491800000000001,5.606,23.128999999999998,4.2791999999999994,6.386300000000001,3.7716999999999996,0.8311999999999999,106.9844,0,0,0,0,0
smyth-time,0,0.3137800000003,0.2952100000002,0.2939410000002,0.3070130000001,0.32179300000019995,0.34619499999970005,0.3734170000000999,0.36955000000020005,0.3876469999998,0.39383300000029997,0.39321299999989995,0.4011169999998,0.4374979999999,0.45459400000010003,0.46160599999979995,0,0,0,0,0
syruptimeout,0,0,0,0,0,0,0,0,0,0,0,0,0,0,0,0,0,0,0,0,0
burst-timeout,0,0,0,0,1,0,1,0,0,0,0,0,0,0,0,0,0,0,0,0,0
smyth-timeout,0,0,0,0,0,0,0,0,0,0,0,0,0,0,0,0,0,0,0,0,0
list_rev_snoc,,,,,,,,,,,,,,,,,,,,,
count,0,10,10,10,10,10,10,10,10,10,10,10,10,10,10,10,0,0,0,0,0
syrupcorrect,0,0,4,7,3,7,6,9,10,10,9,9,10,10,9,7,0,0,0,0,0
burst-correct,0,0,2,4,1,6,6,4,8,10,8,7,7,8,9,10,0,0,0,0,0
smyth-correct,0,0,2,3,1,6,6,7,9,9,10,9,10,10,10,10,0,0,0,0,0
smyth-rec-correct,0,0,4,5,4,8,10,8,9,9,10,10,10,10,10,10,0,0,0,0,0
burst-sof,0,0,0,0,0,0,0,0,0,0,0,0,0,0,0,0,0,0,0,0,0
smyth-sof,0,0,0,0,0,0,0,0,0,0,0,0,0,0,0,0,0,0,0,0,0
smyth-nosol,0,0,5,4,4,2,0,2,1,1,0,0,0,0,0,0,0,0,0,0,0
syruptime,0,0.0136,0.34109999999999996,0.6780999999999999,0.6838,1.8513999999999997,0.921,3.9324,8.0131,77.2108,15.6162,14.877800000000002,99.29249999999999,211.8301,158.9167,80.9782,0,0,0,0,0
burst-time,0,0.25479999999999997,27.4698,14.529300000000001,10.132200000000001,73.2514,16.082,17.8187,182.19590000000002,46.0776,30.116500000000002,94.6395,67.8533,123.3799,31.6078,21.9778,0,0,0,0,0
smyth-time,0,0.05978400000025,0.061122000000399995,0.05241499999994,0.046941999999940004,0.07917899999999,0.10248700000006,0.09394099999979001,0.1129600000002,0.10602600000000001,0.1241169999998,0.12951,0.1398339999994,0.14716999999980002,0.15640299999989998,0.1635720000004,0,0,0,0,0
syruptimeout,0,0,0,0,0,0,0,0,0,0,1,0,0,0,1,3,0,0,0,0,0
burst-timeout,0,0,1,3,2,1,0,5,2,0,2,2,3,2,1,0,0,0,0,0,0
smyth-timeout,0,0,0,0,0,0,0,0,0,0,0,0,0,0,0,0,0,0,0,0,0
list_rev_tailcall,,,,,,,,,,,,,,,,,,,,,
count,0,10,10,10,10,10,10,10,10,10,10,10,10,10,10,10,10,10,10,10,10
syrupcorrect,0,0,0,0,0,0,0,0,0,0,0,0,0,0,0,0,0,0,0,0,0
burst-correct,0,0,0,0,0,0,0,0,0,0,0,0,0,0,0,0,0,0,0,0,0
smyth-correct,0,0,0,3,6,9,9,8,9,10,10,10,10,10,9,10,10,10,10,10,10
smyth-rec-correct,0,0,0,3,6,9,9,8,9,10,10,10,10,10,9,10,10,10,10,10,10
burst-sof,0,0,0,0,0,0,0,0,0,0,0,0,0,0,0,0,0,0,0,0,0
smyth-sof,0,0,0,0,0,0,0,0,0,0,0,0,0,0,0,0,0,0,0,0,0
smyth-nosol,0,0,3,3,3,1,0,1,1,0,0,0,0,0,1,0,0,0,0,0,0
syruptime,0,0.059399999999999994,2.0201000000000002,6.1387,43.0404,12.502299999999998,5.4823,1.4596,0,0,0,0,0,0,0,0,0,0,0,0,0
burst-time,0,4.0280000000000005,34.487399999999994,4.5878000000000005,0.5221,0,0.0205,0.9193,0,0,0,0,0,0,0,0,0,0,0,0,0
smyth-time,0,0.04210000000014,0.07392800000008,0.11726099999975001,0.12941,0.07354200000008,0.1155919999999,0.08191799999988,0.07586600000037999,0.08280399999968001,0.10752900000011,0.08557300000014,0.08556999999970001,0.08559799999972,0.07577400000010999,0.08895800000007,0.09249299999984,0.09014199999983001,0.10296700000001001,0.0957989999997,0.10096099999967999
syruptimeout,0,0,0,3,4,7,7,8,10,10,10,10,10,10,10,10,10,10,10,10,10
burst-timeout,0,0,4,8,9,10,9,9,10,10,10,10,10,10,10,10,10,10,10,10,10
smyth-timeout,0,0,0,0,0,0,0,0,0,0,0,0,0,0,0,0,0,0,0,0,0
list_pairwise_swap,,,,,,,,,,,,,,,,,,,,,
count,0,10,10,10,10,10,10,10,10,10,10,10,10,10,10,10,10,10,10,10,10
syrupcorrect,0,0,0,0,0,0,0,0,0,0,0,0,0,0,0,0,0,0,0,0,0
burst-correct,0,0,0,0,0,0,0,0,0,0,0,0,0,0,0,0,0,0,0,0,0
smyth-correct,0,0,0,0,0,0,0,0,0,0,0,0,0,0,0,0,0,0,0,0,0
smyth-rec-correct,0,0,0,0,0,0,0,0,0,0,0,0,0,0,0,0,0,0,0,0,0
burst-sof,0,0,0,0,0,0,0,0,0,0,0,0,0,0,0,0,0,0,0,0,0
smyth-sof,0,0,0,0,0,0,0,0,0,0,0,0,0,0,0,0,0,0,0,10,10
smyth-nosol,0,0,4,3,4,3,2,3,0,0,1,0,1,0,0,0,0,0,0,0,0
syruptime,0,0.007300000000000001,0.7308,0.6990000000000001,10.306099999999999,5.880000000000001,13.3803,120.7578,65.4271,52.409600000000005,177.0253,268.6245,239.3473,237.53619999999995,296.2686,163.05829999999997,0,0,0,0,0
burst-time,0,0.056400000000000006,9.419500000000001,0.3212,6.6738,10.7002,34.624199999999995,2.9974,97.76339999999999,30.5291,128.449,31.926,9.3381,28.323900000000002,134.4379,51.0816,197.29289999999997,3.6954000000000002,32.1994,13.1163,9.0666
smyth-time,0,0.01738999999996,0.009888000000050001,0.017202000000000002,0.05404300000009,0.07915700000025,0.1771720000001,0.17427500000005,0.34445099999977996,0.61490899999983,1.162468,2.5982190000000003,4.1735500000000005,12.221516,26.489282999999997,64.278113,149.82762100000002,388.6164990000001,1003.650308,0,0
syruptimeout,0,0,0,0,0,0,0,0,0,0,1,0,2,4,5,8,10,10,10,10,10
burst-timeout,0,0,0,0,2,1,2,3,2,2,0,1,1,1,0,0,2,2,0,0,1
smyth-timeout,0,0,0,0,0,0,0,0,0,0,0,0,1,0,0,0,0,0,0,0,0
list_sort_sorted_insert,,,,,,,,,,,,,,,,,,,,,
count,0,10,10,10,10,10,10,10,10,10,10,10,10,10,10,10,10,10,10,10,10
syrupcorrect,0,0,4,4,4,8,5,7,9,10,8,10,10,10,9,10,9,10,9,9,9
burst-correct,0,0,0,2,3,8,2,2,5,8,7,8,8,9,8,8,10,8,8,8,8
smyth-correct,0,0,0,2,3,6,4,6,8,9,8,10,10,10,10,10,10,10,10,10,10
smyth-rec-correct,0,0,1,5,8,8,8,9,9,9,10,10,10,10,10,10,10,10,10,10,10
burst-sof,0,0,0,0,0,0,0,0,0,0,0,0,0,0,0,0,0,0,0,0,0
smyth-sof,0,0,0,0,0,0,0,0,0,0,0,0,0,0,0,0,0,0,0,0,0
smyth-nosol,0,0,5,3,2,2,1,1,1,1,0,0,0,0,0,0,0,0,0,0,0
syruptime,0,0.0217,0.5092,0.4288,0.6369,1.1759,5.8651,3.3193,3.4934000000000003,32.446000000000005,31.1304,75.2407,4.1939,13.458900000000003,10.436499999999999,46.94239999999999,14.607,142.1302,28.701,150.92379999999997,154.1156
burst-time,0,0.5007,3.4733,45.8817,88.72449999999999,25.1102,9.0752,4.8358,134.63060000000002,107.84530000000001,162.7905,143.6895,11.4184,40.8217,31.820700000000002,81.14380000000001,39.5389,13.515599999999997,59.6339,70.80020000000002,8.7896
smyth-time,0,0.0878600000001,0.045489999999939995,0.08368699999959,0.1068519999998,0.1186569999997,0.13845999999984998,0.13971500000000003,0.1433380000001,0.14983399999979996,0.1819849999999,0.18681399999999998,0.19166199999990002,0.19519500000009998,0.211108,0.2220739999996,0.23463599999999998,0.24830199999959998,0.2472580000001,0.2509560000002,0.2561049999999
syruptimeout,0,0,0,0,0,0,0,0,0,0,0,0,0,0,1,0,1,0,1,1,1
burst-timeout,0,0,3,1,1,0,3,5,3,2,1,2,2,1,2,2,0,2,2,2,2
smyth-timeout,0,0,0,0,0,0,0,0,0,0,0,0,0,0,0,0,0,0,0,0,0
list_sorted_insert,,,,,,,,,,,,,,,,,,,,,
count,0,10,10,10,10,10,10,10,10,10,10,10,10,10,10,10,10,10,10,10,10
syrupcorrect,0,0,0,0,0,0,0,0,0,0,0,0,0,0,0,0,0,0,0,0,0
burst-correct,0,0,0,0,0,0,0,0,0,0,0,0,0,0,0,0,0,0,0,0,0
smyth-correct,0,0,0,0,0,0,0,1,0,1,4,3,0,1,1,0,1,3,1,1,0
smyth-rec-correct,0,0,0,0,0,0,0,1,0,2,4,3,0,2,1,0,1,3,1,1,0
burst-sof,0,0,0,0,0,0,0,0,0,0,0,0,0,0,1,0,0,0,0,0,0
smyth-sof,0,0,0,0,0,0,0,0,0,0,0,0,0,0,0,0,0,1,5,9,9
smyth-nosol,0,0,3,2,6,1,1,1,1,1,1,0,1,0,0,1,0,0,0,0,1
syruptime,0,0.0817,4.6499,45.7967,88.50510000000001,120.40140000000001,0,0,0,0,0,0,0,0,0,0,0,0,0,0,0
burst-time,0,0.8412999999999999,40.183899999999994,22.366600000000002,0.4857,14.8942,0,0,0,0.9819,0,0,0,0,0,0,0,0,0,0,0
smyth-time,0,0.06473600000004,0.09428999999989,0.40202399999943994,0.9186569999998,109.6881940000001,56.772181,24.033945,103.182709,125.211922,78.92662999999999,147.477022,0,69.897782,110.198547,32.999159999999996,22.153089,59.80166,40.818055,37.824272,0
syruptimeout,0,0,0,1,4,5,10,10,10,10,10,10,10,10,10,10,10,10,10,10,10
burst-timeout,0,2,7,4,9,8,10,10,10,9,10,10,10,10,9,10,10,10,10,10,10
smyth-timeout,0,0,0,0,0,0,1,2,3,3,2,4,9,7,9,6,9,6,4,0,0
list_map,,,,,,,,,,,,,,,,,,,,,
count,0,10,10,10,10,10,10,10,10,10,10,10,10,10,10,10,10,10,10,10,10
syrupcorrect,0,3,7,6,8,9,10,8,10,10,10,10,7,8,8,8,8,5,6,6,4
burst-correct,0,1,6,6,7,9,9,7,10,9,10,10,10,10,10,10,10,10,10,10,10
smyth-correct,0,0,0,3,5,6,7,8,10,8,9,10,10,10,10,10,10,10,10,10,10
smyth-rec-correct,0,0,0,3,5,6,8,8,10,8,9,10,10,10,10,10,10,10,10,10,10
burst-sof,0,0,0,0,0,0,0,0,0,0,0,0,0,0,0,0,0,0,0,0,0
smyth-sof,0,0,0,0,0,0,0,0,0,0,0,0,0,0,0,0,0,0,0,0,0
smyth-nosol,0,0,4,1,3,2,2,0,0,1,1,0,0,0,0,0,0,0,0,0,0
syruptime,0,0.0158,0.0288,0.0953,0.22779999999999997,0.4919,0.7759999999999999,0.5802999999999999,4.7856000000000005,13.885200000000001,80.4493,34.09510000000001,176.14039999999997,40.5076,402.8654,193.6993,107.5069,82.38929999999999,143.9617,220.9674,73.1337
burst-time,0,1.7570000000000001,15.774300000000002,20.24300000000001,6.5707,9.8681,1.8958000000000002,7.3284,7.46,28.783200000000004,8.4437,6.3401,2.5854,5.956099999999999,5.6723,3.4819,4.6164,4.0591,2.3251000000000004,2.3121,1.8226999999999998
smyth-time,0,1.5767470000001,1.0237269999999001,1.3033319999997999,0.23096399999979997,0.35064999999970003,0.3203329999998,0.42565400000019993,0.41936300000020005,0.41514099999980003,0.40970199999980006,0.4498969999997,0.47341499999950004,0.4775500000001,0.4917329999997,0.49902699999980005,0.5140919999999,0.527933,0.5362880000001,0.5462790000000001,0.5664550000001001
syruptimeout,0,0,0,0,0,0,0,0,0,0,0,0,3,2,2,2,2,5,4,4,6
burst-timeout,0,0,0,1,0,0,0,0,0,0,0,0,0,0,0,0,0,0,0,0,0
smyth-timeout,0,0,0,1,1,0,0,0,0,0,0,0,0,0,0,0,0,0,0,0,0
list_filter,,,,,,,,,,,,,,,,,,,,,
count,0,10,10,10,10,10,10,10,10,10,10,10,10,10,10,10,10,10,10,10,10
syrupcorrect,0,0,6,3,6,7,5,4,3,1,1,1,0,0,0,0,0,0,0,0,0
burst-correct,0,0,0,0,0,1,1,1,5,4,5,6,9,7,6,7,7,9,10,9,10
smyth-correct,0,0,0,0,1,0,2,1,6,7,8,6,10,9,8,8,8,10,10,10,0
smyth-rec-correct,0,0,0,0,1,0,2,1,6,7,8,6,10,9,8,8,8,10,10,10,0
burst-sof,0,0,0,0,0,0,0,0,0,0,0,0,0,0,0,0,0,0,0,0,0
smyth-sof,0,0,0,0,0,0,0,0,0,0,0,0,0,0,0,0,0,0,0,0,10
smyth-nosol,0,0,1,3,4,3,1,1,0,1,0,0,0,0,0,0,0,0,0,0,0
syruptime,0,0.0251,0.36610000000000004,1.6346,5.700400000000001,17.3093,105.50769999999999,186.8605,102.01050000000001,159.9566,131.43619999999999,73.3038,0,0,0,0,0,0,0,0,0
burst-time,0,0.09170000000000002,10.709299999999999,11.1816,2.661,103.15870000000001,104.6434,1.8117,8.7407,24.155499999999996,33.7311,16.6142,109.2893,7.1625,18.4528,135.9605,20.6044,5.1269,158.2477,102.43490000000001,32.9552
smyth-time,0,0.21685600000029998,0.25462099999980004,0.17951900000010002,0.5277419999999,0.5807080000000999,1.1671030000002,1.0716880000002,2.1010089999999,12.2809720000001,47.385483,2.181348,212.58502199999998,60.310674999999996,12.281475,29.449206999999994,50.024288,114.778847,246.41089000000002,713.3375869999999,0
syruptimeout,0,0,0,0,0,0,1,2,4,7,8,9,10,10,10,10,10,10,10,10,10
burst-timeout,0,0,0,2,2,1,2,3,2,4,3,0,1,2,2,1,1,1,0,1,0
smyth-timeout,0,0,0,0,0,1,0,1,0,0,0,0,0,0,0,0,0,0,0,0,0
list_fold,,,,,,,,,,,,,,,,,,,,,
count,0,10,10,10,10,10,10,10,10,10,10,10,10,10,10,10,10,10,10,10,10
syrupcorrect,0,0,0,0,0,0,0,0,0,0,0,0,0,0,0,0,0,0,0,0,0
burst-correct,0,0,0,0,0,0,0,0,0,0,0,0,0,0,0,0,0,0,0,0,0
smyth-correct,0,0,0,0,1,5,3,4,9,8,9,9,9,10,10,10,10,9,10,10,10
smyth-rec-correct,0,0,0,0,1,5,3,6,9,8,9,9,9,10,10,10,10,9,10,10,10
burst-sof,0,0,0,0,0,0,0,0,0,0,0,0,0,0,0,0,0,0,0,0,0
smyth-sof,0,0,0,0,0,0,0,0,0,0,0,0,0,0,0,0,0,0,0,0,0
smyth-nosol,0,0,2,0,1,0,0,0,0,0,0,0,0,0,0,0,0,0,0,0,0
syruptime,0,0.0622,0.37699999999999995,2.3687000000000005,1.5041,0.0081,0.41700000000000004,36.137100000000004,0,0,0,0,0,0,0,0,0,0,0,0,0
burst-time,0,4.382599999999999,114.6182,10.5516,42.3168,0,0,1.0972,0,0,0,0,0,0,0,0,0,0,0,0,0
smyth-time,0,2.3340919999999996,2.488794,4.033478,7.710878,7.067735999999999,11.96485,7.465101999999999,12.518974000000002,7.514234,8.329224,7.233832,11.381815999999999,8.408847,13.477300999999999,11.621019,15.402608999999998,12.306775,12.766781,11.395983,10.615840999999998
syruptimeout,0,0,2,3,6,9,8,7,10,10,10,10,10,10,10,10,10,10,10,10,10
burst-timeout,0,0,3,9,8,10,10,9,10,10,10,10,10,10,10,10,10,10,10,10,10
smyth-timeout,0,0,0,1,2,1,1,2,0,2,0,0,0,0,0,0,0,1,0,0,0
tree_count_leaves,,,,,,,,,,,,,,,,,,,,,
count,0,10,10,10,10,10,10,10,10,10,10,10,10,10,10,10,0,0,0,0,0
syrupcorrect,0,10,10,4,2,0,0,0,0,0,0,0,0,0,0,0,0,0,0,0,0
burst-correct,0,0,0,1,1,0,0,1,0,0,1,0,0,0,0,0,0,0,0,0,0
smyth-correct,0,0,0,0,1,0,1,1,0,0,0,6,3,2,0,1,0,0,0,0,0
smyth-rec-correct,0,0,0,0,1,0,1,1,0,0,0,6,3,2,0,1,0,0,0,0,0
burst-sof,0,0,0,0,0,0,0,0,0,0,0,0,0,0,0,0,0,0,0,0,0
smyth-sof,0,0,0,0,0,0,0,0,0,0,0,0,0,0,0,0,0,0,0,0,0
smyth-nosol,0,0,7,7,8,10,8,9,10,10,9,4,7,8,10,9,0,0,0,0,0
syruptime,0,3.8249999999999997,165.1167,204.6858,9.9747,0,0,0,0,0,0,0,0,0,0,0,0,0,0,0,0
burst-time,0,189.1085,0,44.2959,13.3784,0,0,4.1227,0,0,57.9728,0,0,0,0,0,0,0,0,0,0
smyth-time,0,0.09039899999994,0.03084500000027,0.034351,3.8579389999998996,0,9.6679110000001,11.015531,0,0,0.092515,159.236573,89.949075,63.33549000000001,0,59.52332,0,0,0,0,0
syruptimeout,0,0,0,6,8,10,10,10,10,10,10,10,10,10,10,10,0,0,0,0,0
burst-timeout,0,6,10,8,9,10,10,9,10,10,9,10,10,10,10,10,0,0,0,0,0
smyth-timeout,0,0,0,0,0,0,0,0,0,0,0,0,0,0,0,0,0,0,0,0,0
tree_count_nodes,,,,,,,,,,,,,,,,,,,,,
count,0,10,10,10,10,10,10,10,10,10,10,10,10,10,10,10,0,0,0,0,0
syrupcorrect,0,6,7,7,10,10,8,8,8,5,8,5,3,0,3,2,0,0,0,0,0
burst-correct,0,0,0,0,0,0,0,0,0,1,2,0,2,0,2,2,0,0,0,0,0
smyth-correct,0,0,0,0,2,5,4,5,6,8,8,9,7,8,9,9,0,0,0,0,0
smyth-rec-correct,0,0,0,0,2,5,4,5,6,8,8,9,7,8,9,9,0,0,0,0,0
burst-sof,0,0,0,0,0,0,0,0,0,0,0,0,0,0,0,0,0,0,0,0,0
smyth-sof,0,0,0,0,0,0,0,0,0,0,0,0,0,0,0,0,0,0,0,0,0
smyth-nosol,0,0,4,8,6,4,4,4,4,2,2,1,3,2,1,1,0,0,0,0,0
syruptime,0,1.0359,2.4205,3.1134999999999997,23.355900000000005,46.1734,86.4641,102.4568,159.0045,148.3171,184.56009999999998,244.479,160.9997,0,57.762299999999996,138.7064,0,0,0,0,0
burst-time,0,6.2934,137.4752,119.65259999999999,0.9185,0.1879,85.8461,0,0,22.0581,5.3668,0,46.4615,0,95.7914,145.4944,0,0,0,0,0
smyth-time,0,0.07874500000003998,0.059538000000210006,0.03037399999992,2.85724600000012,8.817544999999999,7.689690000000099,11.627151999999999,16.293775000000004,25.447614999999995,23.381882,37.812009999999994,26.792182999999998,36.098808,43.605686999999996,46.144304999999996,0,0,0,0,0
syruptimeout,0,0,0,0,0,0,2,2,2,5,2,5,7,10,7,8,0,0,0,0,0
burst-timeout,0,0,4,7,9,9,9,10,10,9,8,10,8,10,8,8,0,0,0,0,0
smyth-timeout,0,0,0,0,0,0,0,0,0,0,0,0,0,0,0,0,0,0,0,0,0
tree_inorder,,,,,,,,,,,,,,,,,,,,,
count,0,10,10,10,10,10,10,10,10,10,10,10,10,10,10,10,0,0,0,0,0
syrupcorrect,0,0,0,0,0,0,0,0,0,0,0,0,0,0,0,0,0,0,0,0,0
burst-correct,0,0,0,0,0,0,1,1,0,0,1,0,1,1,1,1,0,0,0,0,0
smyth-correct,0,0,0,3,1,5,6,6,8,9,7,7,9,7,8,8,0,0,0,0,0
smyth-rec-correct,0,0,0,3,1,5,6,6,8,9,7,7,9,7,8,8,0,0,0,0,0
burst-sof,0,0,0,0,0,0,1,0,0,0,1,0,0,0,0,0,0,0,0,0,0
smyth-sof,0,0,0,0,0,0,0,0,0,0,0,0,0,0,0,0,0,0,0,0,0
smyth-nosol,0,0,8,5,8,4,4,4,2,1,3,3,1,3,2,2,0,0,0,0,0
syruptime,0,1.3766,23.0275,0.4667,0.3654,34.1544,0,0,0,0,0,0,0,0,0,0,0,0,0,0,0
burst-time,0,5.3652999999999995,40.8647,12.2132,57.068,26.8905,145.9763,105.4014,0,7.5268,73.0926,0,43.6877,55.6983,87.8524,11.5326,0,0,0,0,0
smyth-time,0,0.09959100000017,0.0329420000001,0.81328,0.720331,1.814641,2.642134,2.14045,3.3145800000000003,4.096108,3.1719809999999997,3.446197,6.440710999999999,5.11662,5.180686,5.384042,0,0,0,0,0
syruptimeout,0,5,7,9,9,9,10,10,10,10,10,10,10,10,10,10,0,0,0,0,0
burst-timeout,0,4,6,5,5,7,6,9,10,9,8,10,9,9,9,9,0,0,0,0,0
smyth-timeout,0,0,0,0,0,0,0,0,0,0,0,0,0,0,0,0,0,0,0,0,0
tree_inorder_bool,,,,,,,,,,,,,,,,,,,,,
count,0,10,10,10,10,10,10,10,10,10,10,0,0,0,0,0,0,0,0,0,0
syrupcorrect,0,0,0,0,0,0,0,0,0,0,0,0,0,0,0,0,0,0,0,0,0
burst-correct,0,0,0,0,0,0,2,1,0,0,0,0,0,0,0,0,0,0,0,0,0
smyth-correct,0,0,0,0,1,0,0,1,1,1,1,0,0,0,0,0,0,0,0,0,0
smyth-rec-correct,0,0,0,0,1,0,0,1,1,1,1,0,0,0,0,0,0,0,0,0,0
burst-sof,0,0,0,0,0,0,0,0,0,0,0,0,0,0,0,0,0,0,0,0,0
smyth-sof,0,0,0,0,0,0,0,0,0,0,0,0,0,0,0,0,0,0,0,0,0
smyth-nosol,0,0,10,10,9,10,10,9,9,9,9,0,0,0,0,0,0,0,0,0,0
syruptime,0,7.6268,0.5172,0,0,0,0,0,0,0,0,0,0,0,0,0,0,0,0,0,0
burst-time,0,0.0289,0.1581,0,0,0,81.95169999999999,13.3372,0,0,0,0,0,0,0,0,0,0,0,0,0
smyth-time,0,0.09904700000017,0,0,0.338352,0,0,0.796779,0.703562,0.907988,0.971942,0,0,0,0,0,0,0,0,0,0
syruptimeout,0,5,9,10,10,10,10,10,10,10,10,0,0,0,0,0,0,0,0,0,0
burst-timeout,0,8,9,10,10,10,8,9,10,10,10,0,0,0,0,0,0,0,0,0,0
smyth-timeout,0,0,0,0,0,0,0,0,0,0,0,0,0,0,0,0,0,0,0,0,0
tree_postorder,,,,,,,,,,,,,,,,,,,,,
count,0,10,10,10,10,10,10,10,10,10,10,10,10,10,10,10,10,10,10,10,10
syrupcorrect,0,0,0,0,0,0,0,0,0,0,0,0,0,0,0,0,0,0,0,0,0
burst-correct,0,0,0,1,1,1,1,0,0,0,1,0,0,0,0,0,0,0,0,1,1
smyth-correct,0,0,0,0,0,0,0,0,0,0,0,0,0,0,0,0,0,0,0,0,0
smyth-rec-correct,0,0,0,0,0,0,0,0,0,0,0,0,0,0,0,0,0,0,0,0,0
burst-sof,0,0,0,0,0,0,1,0,0,0,0,0,0,0,0,0,0,0,0,0,0
smyth-sof,0,0,0,0,0,0,0,0,0,0,0,0,0,0,0,0,0,9,9,10,10
smyth-nosol,0,0,7,6,6,7,4,3,5,3,2,2,4,4,2,0,1,1,0,0,0
syruptime,0,18.2452,1.646,8.2089,0,0,0,0,0,0,0,0,0,0,0,0,0,0,0,0,0
burst-time,0,0.5254,5.162,4.3229,6.6624,15.3818,2.3913,0,0,0,2.941,0,0,0,0,0,23.9975,0,0,85.9656,5.5975
smyth-time,0,0.09678800000002001,0.0461090000001,91.33089100000011,1.440646,132.489199,120.77397199999999,4.868384,79.00366199999999,51.911015,1.900403,0,0,0,0,0,0,0,10.136267,0,0
syruptimeout,0,2,5,8,10,10,10,10,10,10,10,10,10,10,10,10,10,10,10,10,10
burst-timeout,0,4,6,7,9,9,8,10,10,10,9,10,10,10,10,10,9,10,10,8,9
smyth-timeout,0,0,0,0,0,0,2,6,3,6,7,8,6,6,8,10,9,0,0,0,0
tree_preorder,,,,,,,,,,,,,,,,,,,,,
count,0,10,10,10,10,10,10,10,10,10,10,10,10,10,10,10,0,0,0,0,0
syrupcorrect,0,8,6,7,6,4,5,8,4,5,4,1,2,2,1,1,0,0,0,0,0
burst-correct,0,1,4,4,4,2,1,3,7,5,4,3,5,2,5,3,0,0,0,0,0
smyth-correct,0,0,0,2,1,1,8,8,7,8,6,6,8,9,9,7,0,0,0,0,0
smyth-rec-correct,0,0,0,2,1,1,8,8,7,8,6,6,8,9,9,7,0,0,0,0,0
burst-sof,0,0,0,0,0,0,0,0,0,0,0,0,0,0,0,0,0,0,0,0,0
smyth-sof,0,0,0,0,0,0,0,0,0,0,0,0,0,0,0,0,0,0,0,0,0
smyth-nosol,0,0,7,8,7,9,2,2,3,2,4,4,2,1,1,3,0,0,0,0,0
syruptime,0,53.2003,120.7836,87.4914,23.103600000000004,104.48949999999999,72.6529,86.5692,162.88969999999998,81.52860000000001,104.1877,65.3167,100.5627,19.9348,17.4794,50.3091,0,0,0,0,0
burst-time,0,4.8976,19.1141,11.4051,113.05600000000001,7.0634,28.8736,68.5439,76.9104,24.157599999999995,19.9065,14.872900000000001,7.8542000000000005,42.338,19.312,90.2282,0,0,0,0,0
smyth-time,0,0.09804700000024999,0.04629,0.856885,0.16109199999999999,0.895627,4.451900999999999,3.115482,4.370298,4.591615,4.510286,4.7037450000000005,6.285284000000001,10.546895000000001,11.812405,8.517798,0,0,0,0,0
syruptimeout,0,0,2,0,4,6,5,2,6,5,6,9,8,8,9,9,0,0,0,0,0
burst-timeout,0,3,0,2,0,4,5,3,2,4,6,3,2,7,4,6,0,0,0,0,0
smyth-timeout,0,0,0,0,0,0,0,0,0,0,0,0,0,0,0,0,0,0,0,0,0
tree_nodes_at_level,,,,,,,,,,,,,,,,,,,,,
count,0,10,10,10,10,10,10,10,10,10,10,10,10,10,10,10,10,10,10,10,10
syrupcorrect,0,0,0,0,0,0,0,0,0,0,0,0,0,0,0,0,0,0,0,0,0
burst-correct,0,0,0,0,0,0,0,0,0,0,0,0,0,0,0,0,0,0,0,0,0
smyth-correct,0,0,0,0,0,0,0,0,0,0,0,0,0,0,0,0,0,0,0,0,0
smyth-rec-correct,0,0,0,0,0,0,0,0,0,0,0,0,0,0,0,0,0,0,0,0,0
burst-sof,0,0,0,0,0,0,0,0,0,0,0,0,0,0,0,0,0,0,0,0,0
smyth-sof,0,0,0,0,0,0,0,0,0,0,0,0,0,0,0,0,0,0,0,0,0
smyth-nosol,0,0,2,4,5,1,2,1,0,1,2,0,1,0,1,0,0,0,0,0,0
syruptime,0,1.853,2.2435,5.3684,35.7383,60.0037,0,0,0,0,0,0,0,0,0,0,0,0,0,0,0
burst-time,0,54.900099999999995,97.862,63.6685,41.4138,24.7197,0,53.505399999999995,36.8146,0,24.3658,51.3625,0,0,0,0,0,0,0,0,0
smyth-time,0,0.23406799999959998,0.24879699999990004,10.8011489999998,0.17704100000009998,23.3055130000001,0.163494,0.32231100000010005,16.3889519999999,33.339085,0.0847289999999,0.2048380000001,0,0,0,0,0,0,0,0,0
syruptimeout,0,0,2,6,6,9,10,10,10,10,10,10,10,10,10,10,10,10,10,10,10
burst-timeout,0,0,4,7,6,8,10,8,9,10,9,9,10,10,10,10,10,10,10,10,10
smyth-timeout,0,0,0,0,1,5,7,6,6,8,7,8,9,10,9,10,10,10,10,10,10
tree_map,,,,,,,,,,,,,,,,,,,,,
count,0,10,10,10,10,10,10,10,10,10,10,10,10,10,10,10,10,10,10,10,10
syrupcorrect,0,0,3,5,8,9,4,3,4,2,1,0,0,0,0,0,0,0,0,0,0
burst-correct,0,2,6,5,5,10,10,7,9,10,9,9,10,10,9,10,10,10,10,10,10
smyth-correct,0,0,0,1,3,2,2,3,7,7,9,6,9,7,10,10,10,10,9,9,10
smyth-rec-correct,0,0,0,1,3,2,2,3,7,7,9,6,9,7,10,10,10,10,9,9,10
burst-sof,0,0,0,0,0,0,0,0,0,0,0,0,0,0,0,0,0,0,0,0,0
smyth-sof,0,0,0,0,0,0,0,0,0,0,0,0,0,0,0,0,0,0,0,0,0
smyth-nosol,0,0,4,5,5,6,7,7,3,3,1,4,1,3,0,0,0,0,1,1,0
syruptime,0,1.008,5.985799999999999,11.465300000000001,32.510000000000005,360.31379999999996,192.515,200.797,225.0897,62.7077,62.2779,0,0,0,0,0,0,0,0,0,0
burst-time,0,26.0318,213.1938,115.64240000000001,119.91900000000001,232.69009999999997,295.34780000000006,136.8281,92.9243,192.3732,187.58020000000002,248.08390000000003,128.7948,101.5615,143.5621,127.6886,190.5532,120.1361,159.49900000000002,113.37140000000002,127.30930000000001
smyth-time,0,3.755503,3.1057400000001993,0.53077,0.3906010000001,0.3172330000001,0.3199010000001,0.2960610000001,0.470186,0.8089120000001,0.8384500000000998,0.7293510000001,1.1285939999999999,0.6562359999998,0.8970990000002,0.8907600000000999,0.9620959999995999,0.983789,0.9103390000001998,0.9548889999999001,1.147446
syruptimeout,0,0,0,0,0,0,4,7,6,8,9,10,10,10,10,10,10,10,10,10,10
burst-timeout,0,0,0,0,1,0,0,2,1,0,1,1,0,0,1,0,0,0,0,0,0
smyth-timeout,0,0,1,0,1,1,0,0,0,0,0,0,0,0,0,0,0,0,0,0,0
tree_binsert,,,,,,,,,,,,,,,,,,,,,
count,0,10,10,10,10,10,10,10,10,10,10,10,10,10,10,10,10,10,10,10,10
syrupcorrect,0,0,0,0,0,0,0,0,0,0,0,0,0,0,0,0,0,0,0,0,0
burst-correct,0,0,0,0,0,0,0,0,0,0,0,0,0,0,0,0,0,0,0,0,0
smyth-correct,0,0,0,0,0,0,0,0,0,0,0,0,0,0,0,0,0,0,0,0,0
smyth-rec-correct,0,0,0,0,0,0,0,0,0,0,0,0,0,0,0,0,0,0,0,0,0
burst-sof,0,0,0,0,0,0,0,0,0,0,0,0,0,0,0,0,0,0,0,0,0
smyth-sof,0,0,0,0,0,3,2,0,1,1,0,0,0,0,0,3,7,7,7,8,8
smyth-nosol,0,0,2,5,2,3,5,3,2,1,1,1,0,1,0,0,0,0,0,0,0
syruptime,0,0.2965,29.354,45.4036,9.6212,0,0,0,0,0,0,0,0,0,0,0,0,0,0,0,0
burst-time,0,9.1918,25.1821,0,0,0,0,0,0,0,0,0,0,0,0,0,0,0,0,0,0
smyth-time,0,0.13679500000019998,0.281889,1.5271590000000002,3.8042510000001,192.43462200000002,0,105.593966,0,32.343911,0,0,0,0,0,0,0,0,0,0,0
syruptimeout,0,0,0,6,9,10,10,10,10,10,10,10,10,10,10,10,10,10,10,10,10
burst-timeout,0,3,6,10,10,10,10,10,10,10,10,10,10,10,10,10,10,10,10,10,10
smyth-timeout,0,0,0,0,1,0,3,6,7,7,9,9,10,9,10,7,3,3,3,2,2
